{
  "43100": {
    "code": "43100",
    "prefCode": "43",
    "nameJa": "熊本市",
    "nameEn": "Kumamoto City",
    "total": 738865,
    "male": 349115,
    "female": 389750
  },
  "43101": {
    "code": "43101",
    "prefCode": "43",
    "nameJa": "熊本市中央区",
    "nameEn": "Chuo Ward, Kumamoto City",
    "total": 187502,
    "male": 88508,
    "female": 98994
  },
  "43102": {
    "code": "43102",
    "prefCode": "43",
    "nameJa": "熊本市東区",
    "nameEn": "Higashi Ward, Kumamoto City",
    "total": 189524,
    "male": 89763,
    "female": 99761
  },
  "43103": {
    "code": "43103",
    "prefCode": "43",
    "nameJa": "熊本市西区",
    "nameEn": "Nishi Ward, Kumamoto City",
    "total": 91177,
    "male": 42796,
    "female": 48381
  },
  "43104": {
    "code": "43104",
    "prefCode": "43",
    "nameJa": "熊本市南区",
    "nameEn": "Minami Ward, Kumamoto City",
    "total": 130829,
    "male": 61632,
    "female": 69197
  },
  "43105": {
    "code": "43105",
    "prefCode": "43",
    "nameJa": "熊本市北区",
    "nameEn": "Kita Ward, Kumamoto City",
    "total": 139833,
    "male": 66416,
    "female": 73417
  },
  "43202": {
    "code": "43202",
    "prefCode": "43",
    "nameJa": "八代市",
    "nameEn": "Yatsushiro City",
    "total": 123067,
    "male": 57298,
    "female": 65769
  },
  "43203": {
    "code": "43203",
    "prefCode": "43",
    "nameJa": "人吉市",
    "nameEn": "Hitoyoshi City",
    "total": 31108,
    "male": 14363,
    "female": 16745
  },
  "43204": {
    "code": "43204",
    "prefCode": "43",
    "nameJa": "荒尾市",
    "nameEn": "Arao City",
    "total": 50832,
    "male": 23900,
    "female": 26932
  },
  "43205": {
    "code": "43205",
    "prefCode": "43",
    "nameJa": "水俣市",
    "nameEn": "Minamata City",
    "total": 23557,
    "male": 10913,
    "female": 12644
  },
  "43206": {
    "code": "43206",
    "prefCode": "43",
    "nameJa": "玉名市",
    "nameEn": "Tamana City",
    "total": 64292,
    "male": 30410,
    "female": 33882
  },
  "43208": {
    "code": "43208",
    "prefCode": "43",
    "nameJa": "山鹿市",
    "nameEn": "Yamaga City",
    "total": 49025,
    "male": 23000,
    "female": 26025
  },
  "43210": {
    "code": "43210",
    "prefCode": "43",
    "nameJa": "菊池市",
    "nameEn": "Kikuchi City",
    "total": 46416,
    "male": 22076,
    "female": 24340
  },
  "43211": {
    "code": "43211",
    "prefCode": "43",
    "nameJa": "宇土市",
    "nameEn": "Uto City",
    "total": 36122,
    "male": 17272,
    "female": 18850
  },
  "43212": {
    "code": "43212",
    "prefCode": "43",
    "nameJa": "上天草市",
    "nameEn": "Kamiamakusa City",
    "total": 24563,
    "male": 11502,
    "female": 13061
  },
  "43213": {
    "code": "43213",
    "prefCode": "43",
    "nameJa": "宇城市",
    "nameEn": "Uki City",
    "total": 57032,
    "male": 26991,
    "female": 30041
  },
  "43214": {
    "code": "43214",
    "prefCode": "43",
    "nameJa": "阿蘇市",
    "nameEn": "Aso City",
    "total": 24930,
    "male": 11763,
    "female": 13167
  },
  "43215": {
    "code": "43215",
    "prefCode": "43",
    "nameJa": "天草市",
    "nameEn": "Amakusa City",
    "total": 75783,
    "male": 35420,
    "female": 40363
  },
  "43216": {
    "code": "43216",
    "prefCode": "43",
    "nameJa": "合志市",
    "nameEn": "Koshi City",
    "total": 61772,
    "male": 29702,
    "female": 32070
  },
  "43348": {
    "code": "43348",
    "prefCode": "43",
    "nameJa": "美里町",
    "nameEn": "Misato Town",
    "total": 9392,
    "male": 4361,
    "female": 5031
  },
  "43364": {
    "code": "43364",
    "prefCode": "43",
    "nameJa": "玉東町",
    "nameEn": "Gyokuto Town",
    "total": 5045,
    "male": 2399,
    "female": 2646
  },
  "43367": {
    "code": "43367",
    "prefCode": "43",
    "nameJa": "南関町",
    "nameEn": "Nankan Town",
    "total": 8979,
    "male": 4282,
    "female": 4697
  },
  "43368": {
    "code": "43368",
    "prefCode": "43",
    "nameJa": "長洲町",
    "nameEn": "Nagasu Town",
    "total": 15372,
    "male": 7668,
    "female": 7704
  },
  "43369": {
    "code": "43369",
    "prefCode": "43",
    "nameJa": "和水町",
    "nameEn": "Nagomi Town",
    "total": 9342,
    "male": 4397,
    "female": 4945
  },
  "43403": {
    "code": "43403",
    "prefCode": "43",
    "nameJa": "大津町",
    "nameEn": "Ozu Town",
    "total": 35187,
    "male": 17449,
    "female": 17738
  },
  "43404": {
    "code": "43404",
    "prefCode": "43",
    "nameJa": "菊陽町",
    "nameEn": "Kikuyo Town",
    "total": 43337,
    "male": 21220,
    "female": 22117
  },
  "43423": {
    "code": "43423",
    "prefCode": "43",
    "nameJa": "南小国町",
    "nameEn": "Minamioguni Town",
    "total": 3750,
    "male": 1781,
    "female": 1969
  },
  "43424": {
    "code": "43424",
    "prefCode": "43",
    "nameJa": "小国町",
    "nameEn": "Oguni Town",
    "total": 6590,
    "male": 3135,
    "female": 3455
  },
  "43425": {
    "code": "43425",
    "prefCode": "43",
    "nameJa": "産山村",
    "nameEn": "Ubuyama Village",
    "total": 1382,
    "male": 714,
    "female": 668
  },
  "43428": {
    "code": "43428",
    "prefCode": "43",
    "nameJa": "高森町",
    "nameEn": "Takamori Town",
    "total": 5789,
    "male": 2788,
    "female": 3001
  },
  "43432": {
    "code": "43432",
    "prefCode": "43",
    "nameJa": "西原村",
    "nameEn": "Nishihara Village",
    "total": 6426,
    "male": 3109,
    "female": 3317
  },
  "43433": {
    "code": "43433",
    "prefCode": "43",
    "nameJa": "南阿蘇村",
    "nameEn": "Minamiaso Village",
    "total": 9836,
    "male": 4796,
    "female": 5040
  },
  "43441": {
    "code": "43441",
    "prefCode": "43",
    "nameJa": "御船町",
    "nameEn": "Mifune Town",
    "total": 16303,
    "male": 7762,
    "female": 8541
  },
  "43442": {
    "code": "43442",
    "prefCode": "43",
    "nameJa": "嘉島町",
    "nameEn": "Kashima Town",
    "total": 9547,
    "male": 4584,
    "female": 4963
  },
  "43443": {
    "code": "43443",
    "prefCode": "43",
    "nameJa": "益城町",
    "nameEn": "Mashiki Town",
    "total": 32510,
    "male": 15602,
    "female": 16908
  },
  "43444": {
    "code": "43444",
    "prefCode": "43",
    "nameJa": "甲佐町",
    "nameEn": "Kosa Town",
    "total": 10132,
    "male": 4813,
    "female": 5319
  },
  "43447": {
    "code": "43447",
    "prefCode": "43",
    "nameJa": "山都町",
    "nameEn": "Yamato Town",
    "total": 13503,
    "male": 6439,
    "female": 7064
  },
  "43468": {
    "code": "43468",
    "prefCode": "43",
    "nameJa": "氷川町",
    "nameEn": "Hikawa Town",
    "total": 11094,
    "male": 5083,
    "female": 6011
  },
  "43482": {
    "code": "43482",
    "prefCode": "43",
    "nameJa": "芦北町",
    "nameEn": "Ashikita Town",
    "total": 15681,
    "male": 7370,
    "female": 8311
  },
  "43484": {
    "code": "43484",
    "prefCode": "43",
    "nameJa": "津奈木町",
    "nameEn": "Tsunagi Town",
    "total": 4254,
    "male": 1993,
    "female": 2261
  },
  "43501": {
    "code": "43501",
    "prefCode": "43",
    "nameJa": "錦町",
    "nameEn": "Nishiki Town",
    "total": 10288,
    "male": 4891,
    "female": 5397
  },
  "43505": {
    "code": "43505",
    "prefCode": "43",
    "nameJa": "多良木町",
    "nameEn": "Taragi Town",
    "total": 9076,
    "male": 4263,
    "female": 4813
  },
  "43506": {
    "code": "43506",
    "prefCode": "43",
    "nameJa": "湯前町",
    "nameEn": "Yunomae Town",
    "total": 3627,
    "male": 1700,
    "female": 1927
  },
  "43507": {
    "code": "43507",
    "prefCode": "43",
    "nameJa": "水上村",
    "nameEn": "Mizukami Village",
    "total": 2033,
    "male": 938,
    "female": 1095
  },
  "43510": {
    "code": "43510",
    "prefCode": "43",
    "nameJa": "相良村",
    "nameEn": "Sagara Village",
    "total": 4070,
    "male": 1929,
    "female": 2141
  },
  "43511": {
    "code": "43511",
    "prefCode": "43",
    "nameJa": "五木村",
    "nameEn": "Itsuki Village",
    "total": 931,
    "male": 447,
    "female": 484
  },
  "43512": {
    "code": "43512",
    "prefCode": "43",
    "nameJa": "山江村",
    "nameEn": "Yamae Village",
    "total": 3238,
    "male": 1498,
    "female": 1740
  },
  "43513": {
    "code": "43513",
    "prefCode": "43",
    "nameJa": "球磨村",
    "nameEn": "Kuma Village",
    "total": 2433,
    "male": 1174,
    "female": 1259
  },
  "43514": {
    "code": "43514",
    "prefCode": "43",
    "nameJa": "あさぎり町",
    "nameEn": "Asagiri Town",
    "total": 14676,
    "male": 6783,
    "female": 7893
  },
  "43531": {
    "code": "43531",
    "prefCode": "43",
    "nameJa": "苓北町",
    "nameEn": "Reihoku Town",
    "total": 7114,
    "male": 3388,
    "female": 3726
  }
}