{
  "44201": {
    "code": "44201",
    "prefCode": "44",
    "nameJa": "大分市",
    "nameEn": "Oita City",
    "total": 475614,
    "male": 228421,
    "female": 247193
  },
  "44202": {
    "code": "44202",
    "prefCode": "44",
    "nameJa": "別府市",
    "nameEn": "Beppu City",
    "total": 115321,
    "male": 52398,
    "female": 62923
  },
  "44203": {
    "code": "44203",
    "prefCode": "44",
    "nameJa": "中津市",
    "nameEn": "Nakatsu City",
    "total": 82863,
    "male": 40307,
    "female": 42556
  },
  "44204": {
    "code": "44204",
    "prefCode": "44",
    "nameJa": "日田市",
    "nameEn": "Hita City",
    "total": 62657,
    "male": 29676,
    "female": 32981
  },
  "44205": {
    "code": "44205",
    "prefCode": "44",
    "nameJa": "佐伯市",
    "nameEn": "Saiki City",
    "total": 66851,
    "male": 30885,
    "female": 35966
  },
  "44206": {
    "code": "44206",
    "prefCode": "44",
    "nameJa": "臼杵市",
    "nameEn": "Usuki City",
    "total": 36158,
    "male": 17093,
    "female": 19065
  },
  "44207": {
    "code": "44207",
    "prefCode": "44",
    "nameJa": "津久見市",
    "nameEn": "Tsukumi City",
    "total": 16100,
    "male": 7499,
    "female": 8601
  },
  "44208": {
    "code": "44208",
    "prefCode": "44",
    "nameJa": "竹田市",
    "nameEn": "Taketa City",
    "total": 20332,
    "male": 9506,
    "female": 10826
  },
  "44209": {
    "code": "44209",
    "prefCode": "44",
    "nameJa": "豊後高田市",
    "nameEn": "Bungotakada City",
    "total": 22112,
    "male": 10498,
    "female": 11614
  },
  "44210": {
    "code": "44210",
    "prefCode": "44",
    "nameJa": "杵築市",
    "nameEn": "Kitsuki City",
    "total": 27999,
    "male": 13437,
    "female": 14562
  },
  "44211": {
    "code": "44211",
    "prefCode": "44",
    "nameJa": "宇佐市",
    "nameEn": "Usa City",
    "total": 52771,
    "male": 24882,
    "female": 27889
  },
  "44212": {
    "code": "44212",
    "prefCode": "44",
    "nameJa": "豊後大野市",
    "nameEn": "Bungoono City",
    "total": 33695,
    "male": 15699,
    "female": 17996
  },
  "44213": {
    "code": "44213",
    "prefCode": "44",
    "nameJa": "由布市",
    "nameEn": "Yufu City",
    "total": 32772,
    "male": 15599,
    "female": 17173
  },
  "44214": {
    "code": "44214",
    "prefCode": "44",
    "nameJa": "国東市",
    "nameEn": "Kunisaki City",
    "total": 26232,
    "male": 12504,
    "female": 13728
  },
  "44322": {
    "code": "44322",
    "prefCode": "44",
    "nameJa": "姫島村",
    "nameEn": "Himeshima Village",
    "total": 1725,
    "male": 804,
    "female": 921
  },
  "44341": {
    "code": "44341",
    "prefCode": "44",
    "nameJa": "日出町",
    "nameEn": "Hiji Town",
    "total": 27723,
    "male": 13230,
    "female": 14493
  },
  "44461": {
    "code": "44461",
    "prefCode": "44",
    "nameJa": "九重町",
    "nameEn": "Kokonoe Town",
    "total": 8541,
    "male": 4036,
    "female": 4505
  },
  "44462": {
    "code": "44462",
    "prefCode": "44",
    "nameJa": "玖珠町",
    "nameEn": "Kusu Town",
    "total": 14386,
    "male": 6940,
    "female": 7446
  }
}