{
  "04100": {
    "code": "04100",
    "prefCode": "04",
    "nameJa": "仙台市",
    "nameEn": "Sendai City",
    "total": 1096704,
    "male": 531617,
    "female": 565087
  },
  "04101": {
    "code": "04101",
    "prefCode": "04",
    "nameJa": "仙台市青葉区",
    "nameEn": "Aoba Ward, Sendai City",
    "total": 311590,
    "male": 150932,
    "female": 160658
  },
  "04102": {
    "code": "04102",
    "prefCode": "04",
    "nameJa": "仙台市宮城野区",
    "nameEn": "Miyagino Ward, Sendai City",
    "total": 196732,
    "male": 96341,
    "female": 100391
  },
  "04103": {
    "code": "04103",
    "prefCode": "04",
    "nameJa": "仙台市若林区",
    "nameEn": "Wakabayashi Ward, Sendai City",
    "total": 141475,
    "male": 69633,
    "female": 71842
  },
  "04104": {
    "code": "04104",
    "prefCode": "04",
    "nameJa": "仙台市太白区",
    "nameEn": "Taihaku Ward, Sendai City",
    "total": 234758,
    "male": 112968,
    "female": 121790
  },
  "04105": {
    "code": "04105",
    "prefCode": "04",
    "nameJa": "仙台市泉区",
    "nameEn": "Izumi Ward, Sendai City",
    "total": 212149,
    "male": 101743,
    "female": 110406
  },
  "04202": {
    "code": "04202",
    "prefCode": "04",
    "nameJa": "石巻市",
    "nameEn": "Ishinomaki City",
    "total": 140151,
    "male": 68338,
    "female": 71813
  },
  "04203": {
    "code": "04203",
    "prefCode": "04",
    "nameJa": "塩竈市",
    "nameEn": "Shiogama City",
    "total": 52203,
    "male": 24877,
    "female": 27326
  },
  "04205": {
    "code": "04205",
    "prefCode": "04",
    "nameJa": "気仙沼市",
    "nameEn": "Kesennuma City",
    "total": 61147,
    "male": 29905,
    "female": 31242
  },
  "04206": {
    "code": "04206",
    "prefCode": "04",
    "nameJa": "白石市",
    "nameEn": "Shiroishi City",
    "total": 32758,
    "male": 15976,
    "female": 16782
  },
  "04207": {
    "code": "04207",
    "prefCode": "04",
    "nameJa": "名取市",
    "nameEn": "Natori City",
    "total": 78718,
    "male": 38567,
    "female": 40151
  },
  "04208": {
    "code": "04208",
    "prefCode": "04",
    "nameJa": "角田市",
    "nameEn": "Kakuda City",
    "total": 27976,
    "male": 13797,
    "female": 14179
  },
  "04209": {
    "code": "04209",
    "prefCode": "04",
    "nameJa": "多賀城市",
    "nameEn": "Tagajo City",
    "total": 62827,
    "male": 31359,
    "female": 31468
  },
  "04211": {
    "code": "04211",
    "prefCode": "04",
    "nameJa": "岩沼市",
    "nameEn": "Iwanuma City",
    "total": 44068,
    "male": 21684,
    "female": 22384
  },
  "04212": {
    "code": "04212",
    "prefCode": "04",
    "nameJa": "登米市",
    "nameEn": "Tome City",
    "total": 76037,
    "male": 37163,
    "female": 38874
  },
  "04213": {
    "code": "04213",
    "prefCode": "04",
    "nameJa": "栗原市",
    "nameEn": "Kurihara City",
    "total": 64637,
    "male": 31134,
    "female": 33503
  },
  "04214": {
    "code": "04214",
    "prefCode": "04",
    "nameJa": "東松島市",
    "nameEn": "Higashimatsushima City",
    "total": 39098,
    "male": 19089,
    "female": 20009
  },
  "04215": {
    "code": "04215",
    "prefCode": "04",
    "nameJa": "大崎市",
    "nameEn": "Osaki City",
    "total": 127330,
    "male": 62429,
    "female": 64901
  },
  "04216": {
    "code": "04216",
    "prefCode": "04",
    "nameJa": "富谷市",
    "nameEn": "Tomiya City",
    "total": 51651,
    "male": 25091,
    "female": 26560
  },
  "04301": {
    "code": "04301",
    "prefCode": "04",
    "nameJa": "蔵王町",
    "nameEn": "Zao Town",
    "total": 11418,
    "male": 5569,
    "female": 5849
  },
  "04302": {
    "code": "04302",
    "prefCode": "04",
    "nameJa": "七ヶ宿町",
    "nameEn": "Shichikashuku Town",
    "total": 1262,
    "male": 620,
    "female": 642
  },
  "04321": {
    "code": "04321",
    "prefCode": "04",
    "nameJa": "大河原町",
    "nameEn": "Ogawara Town",
    "total": 23571,
    "male": 11530,
    "female": 12041
  },
  "04322": {
    "code": "04322",
    "prefCode": "04",
    "nameJa": "村田町",
    "nameEn": "Murata Town",
    "total": 10666,
    "male": 5293,
    "female": 5373
  },
  "04323": {
    "code": "04323",
    "prefCode": "04",
    "nameJa": "柴田町",
    "nameEn": "Shibata Town",
    "total": 38271,
    "male": 19342,
    "female": 18929
  },
  "04324": {
    "code": "04324",
    "prefCode": "04",
    "nameJa": "川崎町",
    "nameEn": "Kawasaki Town",
    "total": 8345,
    "male": 4100,
    "female": 4245
  },
  "04341": {
    "code": "04341",
    "prefCode": "04",
    "nameJa": "丸森町",
    "nameEn": "Marumori Town",
    "total": 12262,
    "male": 6117,
    "female": 6145
  },
  "04361": {
    "code": "04361",
    "prefCode": "04",
    "nameJa": "亘理町",
    "nameEn": "Watari Town",
    "total": 33087,
    "male": 16212,
    "female": 16875
  },
  "04362": {
    "code": "04362",
    "prefCode": "04",
    "nameJa": "山元町",
    "nameEn": "Yamamoto Town",
    "total": 12046,
    "male": 5978,
    "female": 6068
  },
  "04401": {
    "code": "04401",
    "prefCode": "04",
    "nameJa": "松島町",
    "nameEn": "Matsushima Town",
    "total": 13323,
    "male": 6414,
    "female": 6909
  },
  "04404": {
    "code": "04404",
    "prefCode": "04",
    "nameJa": "七ヶ浜町",
    "nameEn": "Shichigahama Town",
    "total": 18132,
    "male": 9024,
    "female": 9108
  },
  "04406": {
    "code": "04406",
    "prefCode": "04",
    "nameJa": "利府町",
    "nameEn": "Rifu Town",
    "total": 35182,
    "male": 17162,
    "female": 18020
  },
  "04421": {
    "code": "04421",
    "prefCode": "04",
    "nameJa": "大和町",
    "nameEn": "Taiwa Town",
    "total": 28786,
    "male": 14979,
    "female": 13807
  },
  "04422": {
    "code": "04422",
    "prefCode": "04",
    "nameJa": "大郷町",
    "nameEn": "Osato Town",
    "total": 7813,
    "male": 3814,
    "female": 3999
  },
  "04424": {
    "code": "04424",
    "prefCode": "04",
    "nameJa": "大衡村",
    "nameEn": "Ohira Village",
    "total": 5849,
    "male": 2938,
    "female": 2911
  },
  "04444": {
    "code": "04444",
    "prefCode": "04",
    "nameJa": "色麻町",
    "nameEn": "Shikama Town",
    "total": 6698,
    "male": 3246,
    "female": 3452
  },
  "04445": {
    "code": "04445",
    "prefCode": "04",
    "nameJa": "加美町",
    "nameEn": "Kami Town",
    "total": 21943,
    "male": 10767,
    "female": 11176
  },
  "04501": {
    "code": "04501",
    "prefCode": "04",
    "nameJa": "涌谷町",
    "nameEn": "Wakuya Town",
    "total": 15388,
    "male": 7520,
    "female": 7868
  },
  "04505": {
    "code": "04505",
    "prefCode": "04",
    "nameJa": "美里町",
    "nameEn": "Misato Town",
    "total": 23994,
    "male": 11616,
    "female": 12378
  },
  "04581": {
    "code": "04581",
    "prefCode": "04",
    "nameJa": "女川町",
    "nameEn": "Onagawa Town",
    "total": 6430,
    "male": 3351,
    "female": 3079
  },
  "04606": {
    "code": "04606",
    "prefCode": "04",
    "nameJa": "南三陸町",
    "nameEn": "Minamisanriku Town",
    "total": 12225,
    "male": 5980,
    "female": 6245
  }
}