{
  "03201": {
    "code": "03201",
    "prefCode": "03",
    "nameJa": "盛岡市",
    "nameEn": "Morioka City",
    "total": 289731,
    "male": 136919,
    "female": 152812
  },
  "03202": {
    "code": "03202",
    "prefCode": "03",
    "nameJa": "宮古市",
    "nameEn": "Miyako City",
    "total": 50369,
    "male": 24381,
    "female": 25988
  },
  "03203": {
    "code": "03203",
    "prefCode": "03",
    "nameJa": "大船渡市",
    "nameEn": "Ofunato City",
    "total": 34728,
    "male": 16679,
    "female": 18049
  },
  "03205": {
    "code": "03205",
    "prefCode": "03",
    "nameJa": "花巻市",
    "nameEn": "Hanamaki City",
    "total": 93193,
    "male": 44423,
    "female": 48770
  },
  "03206": {
    "code": "03206",
    "prefCode": "03",
    "nameJa": "北上市",
    "nameEn": "Kitakami City",
    "total": 93045,
    "male": 46852,
    "female": 46193
  },
  "03207": {
    "code": "03207",
    "prefCode": "03",
    "nameJa": "久慈市",
    "nameEn": "Kuji City",
    "total": 33043,
    "male": 15883,
    "female": 17160
  },
  "03208": {
    "code": "03208",
    "prefCode": "03",
    "nameJa": "遠野市",
    "nameEn": "Tono City",
    "total": 25366,
    "male": 12222,
    "female": 13144
  },
  "03209": {
    "code": "03209",
    "prefCode": "03",
    "nameJa": "一関市",
    "nameEn": "Ichinoseki City",
    "total": 111932,
    "male": 54254,
    "female": 57678
  },
  "03210": {
    "code": "03210",
    "prefCode": "03",
    "nameJa": "陸前高田市",
    "nameEn": "Rikuzentakata City",
    "total": 18262,
    "male": 8831,
    "female": 9431
  },
  "03211": {
    "code": "03211",
    "prefCode": "03",
    "nameJa": "釜石市",
    "nameEn": "Kamaishi City",
    "total": 32078,
    "male": 15369,
    "female": 16709
  },
  "03213": {
    "code": "03213",
    "prefCode": "03",
    "nameJa": "二戸市",
    "nameEn": "Ninohe City",
    "total": 25513,
    "male": 11993,
    "female": 13520
  },
  "03214": {
    "code": "03214",
    "prefCode": "03",
    "nameJa": "八幡平市",
    "nameEn": "Hachimantai City",
    "total": 24023,
    "male": 11509,
    "female": 12514
  },
  "03215": {
    "code": "03215",
    "prefCode": "03",
    "nameJa": "奥州市",
    "nameEn": "Oshu City",
    "total": 112937,
    "male": 54840,
    "female": 58097
  },
  "03216": {
    "code": "03216",
    "prefCode": "03",
    "nameJa": "滝沢市",
    "nameEn": "Takizawa City",
    "total": 55579,
    "male": 27146,
    "female": 28433
  },
  "03301": {
    "code": "03301",
    "prefCode": "03",
    "nameJa": "雫石町",
    "nameEn": "Shizukuishi Town",
    "total": 15731,
    "male": 7505,
    "female": 8226
  },
  "03302": {
    "code": "03302",
    "prefCode": "03",
    "nameJa": "葛巻町",
    "nameEn": "Kuzumaki Town",
    "total": 5634,
    "male": 2731,
    "female": 2903
  },
  "03303": {
    "code": "03303",
    "prefCode": "03",
    "nameJa": "岩手町",
    "nameEn": "Iwate Town",
    "total": 12285,
    "male": 5970,
    "female": 6315
  },
  "03321": {
    "code": "03321",
    "prefCode": "03",
    "nameJa": "紫波町",
    "nameEn": "Shiwa Town",
    "total": 32147,
    "male": 15390,
    "female": 16757
  },
  "03322": {
    "code": "03322",
    "prefCode": "03",
    "nameJa": "矢巾町",
    "nameEn": "Yahaba Town",
    "total": 28056,
    "male": 13337,
    "female": 14719
  },
  "03366": {
    "code": "03366",
    "prefCode": "03",
    "nameJa": "西和賀町",
    "nameEn": "Nishiwaga Town",
    "total": 5134,
    "male": 2380,
    "female": 2754
  },
  "03381": {
    "code": "03381",
    "prefCode": "03",
    "nameJa": "金ケ崎町",
    "nameEn": "Kanegasaki Town",
    "total": 15535,
    "male": 8030,
    "female": 7505
  },
  "03402": {
    "code": "03402",
    "prefCode": "03",
    "nameJa": "平泉町",
    "nameEn": "Hiraizumi Town",
    "total": 7252,
    "male": 3500,
    "female": 3752
  },
  "03441": {
    "code": "03441",
    "prefCode": "03",
    "nameJa": "住田町",
    "nameEn": "Sumita Town",
    "total": 5045,
    "male": 2470,
    "female": 2575
  },
  "03461": {
    "code": "03461",
    "prefCode": "03",
    "nameJa": "大槌町",
    "nameEn": "Otsuchi Town",
    "total": 11004,
    "male": 5234,
    "female": 5770
  },
  "03482": {
    "code": "03482",
    "prefCode": "03",
    "nameJa": "山田町",
    "nameEn": "Yamada Town",
    "total": 14320,
    "male": 6898,
    "female": 7422
  },
  "03483": {
    "code": "03483",
    "prefCode": "03",
    "nameJa": "岩泉町",
    "nameEn": "Iwaizumi Town",
    "total": 8726,
    "male": 4327,
    "female": 4399
  },
  "03484": {
    "code": "03484",
    "prefCode": "03",
    "nameJa": "田野畑村",
    "nameEn": "Tanohata Village",
    "total": 3059,
    "male": 1527,
    "female": 1532
  },
  "03485": {
    "code": "03485",
    "prefCode": "03",
    "nameJa": "普代村",
    "nameEn": "Fudai Village",
    "total": 2487,
    "male": 1244,
    "female": 1243
  },
  "03501": {
    "code": "03501",
    "prefCode": "03",
    "nameJa": "軽米町",
    "nameEn": "Karumai Town",
    "total": 8421,
    "male": 4090,
    "female": 4331
  },
  "03503": {
    "code": "03503",
    "prefCode": "03",
    "nameJa": "野田村",
    "nameEn": "Noda Village",
    "total": 3936,
    "male": 1863,
    "female": 2073
  },
  "03506": {
    "code": "03506",
    "prefCode": "03",
    "nameJa": "九戸村",
    "nameEn": "Kunohe Village",
    "total": 5378,
    "male": 2556,
    "female": 2822
  },
  "03507": {
    "code": "03507",
    "prefCode": "03",
    "nameJa": "洋野町",
    "nameEn": "Hirono Town",
    "total": 15091,
    "male": 7101,
    "female": 7990
  },
  "03524": {
    "code": "03524",
    "prefCode": "03",
    "nameJa": "一戸町",
    "nameEn": "Ichinohe Town",
    "total": 11494,
    "male": 5498,
    "female": 5996
  }
}