{
  "39201": {
    "code": "39201",
    "prefCode": "39",
    "nameJa": "高知市",
    "nameEn": "Kochi City",
    "total": 326545,
    "male": 152455,
    "female": 174090
  },
  "39202": {
    "code": "39202",
    "prefCode": "39",
    "nameJa": "室戸市",
    "nameEn": "Muroto City",
    "total": 11742,
    "male": 5648,
    "female": 6094
  },
  "39203": {
    "code": "39203",
    "prefCode": "39",
    "nameJa": "安芸市",
    "nameEn": "Aki City",
    "total": 16243,
    "male": 7754,
    "female": 8489
  },
  "39204": {
    "code": "39204",
    "prefCode": "39",
    "nameJa": "南国市",
    "nameEn": "Nankoku City",
    "total": 46664,
    "male": 22130,
    "female": 24534
  },
  "39205": {
    "code": "39205",
    "prefCode": "39",
    "nameJa": "土佐市",
    "nameEn": "Tosa City",
    "total": 25732,
    "male": 12384,
    "female": 13348
  },
  "39206": {
    "code": "39206",
    "prefCode": "39",
    "nameJa": "須崎市",
    "nameEn": "Susaki City",
    "total": 20590,
    "male": 10068,
    "female": 10522
  },
  "39208": {
    "code": "39208",
    "prefCode": "39",
    "nameJa": "宿毛市",
    "nameEn": "Sukumo City",
    "total": 19033,
    "male": 8914,
    "female": 10119
  },
  "39209": {
    "code": "39209",
    "prefCode": "39",
    "nameJa": "土佐清水市",
    "nameEn": "Tosashimizu City",
    "total": 12388,
    "male": 5842,
    "female": 6546
  },
  "39210": {
    "code": "39210",
    "prefCode": "39",
    "nameJa": "四万十市",
    "nameEn": "Shimanto City",
    "total": 32694,
    "male": 15455,
    "female": 17239
  },
  "39211": {
    "code": "39211",
    "prefCode": "39",
    "nameJa": "香南市",
    "nameEn": "Konan City",
    "total": 32207,
    "male": 15545,
    "female": 16662
  },
  "39212": {
    "code": "39212",
    "prefCode": "39",
    "nameJa": "香美市",
    "nameEn": "Kami City",
    "total": 26513,
    "male": 12848,
    "female": 13665
  },
  "39301": {
    "code": "39301",
    "prefCode": "39",
    "nameJa": "東洋町",
    "nameEn": "Toyo Town",
    "total": 2194,
    "male": 1085,
    "female": 1109
  },
  "39302": {
    "code": "39302",
    "prefCode": "39",
    "nameJa": "奈半利町",
    "nameEn": "Nahari Town",
    "total": 3034,
    "male": 1399,
    "female": 1635
  },
  "39303": {
    "code": "39303",
    "prefCode": "39",
    "nameJa": "田野町",
    "nameEn": "Tano Town",
    "total": 2498,
    "male": 1174,
    "female": 1324
  },
  "39304": {
    "code": "39304",
    "prefCode": "39",
    "nameJa": "安田町",
    "nameEn": "Yasuda Town",
    "total": 2370,
    "male": 1144,
    "female": 1226
  },
  "39305": {
    "code": "39305",
    "prefCode": "39",
    "nameJa": "北川村",
    "nameEn": "Kitagawa Village",
    "total": 1146,
    "male": 552,
    "female": 594
  },
  "39306": {
    "code": "39306",
    "prefCode": "39",
    "nameJa": "馬路村",
    "nameEn": "Umaji Village",
    "total": 745,
    "male": 358,
    "female": 387
  },
  "39307": {
    "code": "39307",
    "prefCode": "39",
    "nameJa": "芸西村",
    "nameEn": "Geisei Village",
    "total": 3694,
    "male": 1724,
    "female": 1970
  },
  "39341": {
    "code": "39341",
    "prefCode": "39",
    "nameJa": "本山町",
    "nameEn": "Motoyama Town",
    "total": 3261,
    "male": 1516,
    "female": 1745
  },
  "39344": {
    "code": "39344",
    "prefCode": "39",
    "nameJa": "大豊町",
    "nameEn": "Otoyo Town",
    "total": 3252,
    "male": 1546,
    "female": 1706
  },
  "39363": {
    "code": "39363",
    "prefCode": "39",
    "nameJa": "土佐町",
    "nameEn": "Tosa Town",
    "total": 3753,
    "male": 1780,
    "female": 1973
  },
  "39364": {
    "code": "39364",
    "prefCode": "39",
    "nameJa": "大川村",
    "nameEn": "Okawa Village",
    "total": 366,
    "male": 189,
    "female": 177
  },
  "39386": {
    "code": "39386",
    "prefCode": "39",
    "nameJa": "いの町",
    "nameEn": "Ino Town",
    "total": 21374,
    "male": 10179,
    "female": 11195
  },
  "39387": {
    "code": "39387",
    "prefCode": "39",
    "nameJa": "仁淀川町",
    "nameEn": "Niyodogawa Town",
    "total": 4827,
    "male": 2306,
    "female": 2521
  },
  "39401": {
    "code": "39401",
    "prefCode": "39",
    "nameJa": "中土佐町",
    "nameEn": "Nakatosa Town",
    "total": 6002,
    "male": 2782,
    "female": 3220
  },
  "39402": {
    "code": "39402",
    "prefCode": "39",
    "nameJa": "佐川町",
    "nameEn": "Sakawa Town",
    "total": 12323,
    "male": 5751,
    "female": 6572
  },
  "39403": {
    "code": "39403",
    "prefCode": "39",
    "nameJa": "越知町",
    "nameEn": "Ochi Town",
    "total": 5187,
    "male": 2390,
    "female": 2797
  },
  "39405": {
    "code": "39405",
    "prefCode": "39",
    "nameJa": "檮原町",
    "nameEn": "Yusuhara Town",
    "total": 3307,
    "male": 1611,
    "female": 1696
  },
  "39410": {
    "code": "39410",
    "prefCode": "39",
    "nameJa": "日高村",
    "nameEn": "Hidaka Village",
    "total": 4812,
    "male": 2282,
    "female": 2530
  },
  "39411": {
    "code": "39411",
    "prefCode": "39",
    "nameJa": "津野町",
    "nameEn": "Tsuno Town",
    "total": 5291,
    "male": 2516,
    "female": 2775
  },
  "39412": {
    "code": "39412",
    "prefCode": "39",
    "nameJa": "四万十町",
    "nameEn": "Shimanto Town",
    "total": 15607,
    "male": 7442,
    "female": 8165
  },
  "39424": {
    "code": "39424",
    "prefCode": "39",
    "nameJa": "大月町",
    "nameEn": "Otsuki Town",
    "total": 4434,
    "male": 2128,
    "female": 2306
  },
  "39427": {
    "code": "39427",
    "prefCode": "39",
    "nameJa": "三原村",
    "nameEn": "Mihara Village",
    "total": 1437,
    "male": 690,
    "female": 747
  },
  "39428": {
    "code": "39428",
    "prefCode": "39",
    "nameJa": "黒潮町",
    "nameEn": "Kuroshio Town",
    "total": 10262,
    "male": 4944,
    "female": 5318
  }
}