{
  "06201": {
    "code": "06201",
    "prefCode": "06",
    "nameJa": "山形市",
    "nameEn": "Yamagata City",
    "total": 247590,
    "male": 119001,
    "female": 128589
  },
  "06202": {
    "code": "06202",
    "prefCode": "06",
    "nameJa": "米沢市",
    "nameEn": "Yonezawa City",
    "total": 81252,
    "male": 40258,
    "female": 40994
  },
  "06203": {
    "code": "06203",
    "prefCode": "06",
    "nameJa": "鶴岡市",
    "nameEn": "Tsuruoka City",
    "total": 122347,
    "male": 58626,
    "female": 63721
  },
  "06204": {
    "code": "06204",
    "prefCode": "06",
    "nameJa": "酒田市",
    "nameEn": "Sakata City",
    "total": 100273,
    "male": 47838,
    "female": 52435
  },
  "06205": {
    "code": "06205",
    "prefCode": "06",
    "nameJa": "新庄市",
    "nameEn": "Shinjo City",
    "total": 34432,
    "male": 16446,
    "female": 17986
  },
  "06206": {
    "code": "06206",
    "prefCode": "06",
    "nameJa": "寒河江市",
    "nameEn": "Sagae City",
    "total": 40189,
    "male": 19529,
    "female": 20660
  },
  "06207": {
    "code": "06207",
    "prefCode": "06",
    "nameJa": "上山市",
    "nameEn": "Kaminoyama City",
    "total": 29110,
    "male": 13909,
    "female": 15201
  },
  "06208": {
    "code": "06208",
    "prefCode": "06",
    "nameJa": "村山市",
    "nameEn": "Murayama City",
    "total": 22516,
    "male": 10937,
    "female": 11579
  },
  "06209": {
    "code": "06209",
    "prefCode": "06",
    "nameJa": "長井市",
    "nameEn": "Nagai City",
    "total": 26543,
    "male": 12953,
    "female": 13590
  },
  "06210": {
    "code": "06210",
    "prefCode": "06",
    "nameJa": "天童市",
    "nameEn": "Tendo City",
    "total": 62140,
    "male": 30222,
    "female": 31918
  },
  "06211": {
    "code": "06211",
    "prefCode": "06",
    "nameJa": "東根市",
    "nameEn": "Higashine City",
    "total": 47682,
    "male": 23525,
    "female": 24157
  },
  "06212": {
    "code": "06212",
    "prefCode": "06",
    "nameJa": "尾花沢市",
    "nameEn": "Obanazawa City",
    "total": 14971,
    "male": 7320,
    "female": 7651
  },
  "06213": {
    "code": "06213",
    "prefCode": "06",
    "nameJa": "南陽市",
    "nameEn": "Nanyo City",
    "total": 30420,
    "male": 14652,
    "female": 15768
  },
  "06301": {
    "code": "06301",
    "prefCode": "06",
    "nameJa": "山辺町",
    "nameEn": "Yamanobe Town",
    "total": 13725,
    "male": 6603,
    "female": 7122
  },
  "06302": {
    "code": "06302",
    "prefCode": "06",
    "nameJa": "中山町",
    "nameEn": "Nakayama Town",
    "total": 10746,
    "male": 5251,
    "female": 5495
  },
  "06321": {
    "code": "06321",
    "prefCode": "06",
    "nameJa": "河北町",
    "nameEn": "Kahoku Town",
    "total": 17641,
    "male": 8528,
    "female": 9113
  },
  "06322": {
    "code": "06322",
    "prefCode": "06",
    "nameJa": "西川町",
    "nameEn": "Nishikawa Town",
    "total": 4956,
    "male": 2387,
    "female": 2569
  },
  "06323": {
    "code": "06323",
    "prefCode": "06",
    "nameJa": "朝日町",
    "nameEn": "Asahi Town",
    "total": 6366,
    "male": 3150,
    "female": 3216
  },
  "06324": {
    "code": "06324",
    "prefCode": "06",
    "nameJa": "大江町",
    "nameEn": "Oe Town",
    "total": 7646,
    "male": 3797,
    "female": 3849
  },
  "06341": {
    "code": "06341",
    "prefCode": "06",
    "nameJa": "大石田町",
    "nameEn": "Oishida Town",
    "total": 6577,
    "male": 3213,
    "female": 3364
  },
  "06361": {
    "code": "06361",
    "prefCode": "06",
    "nameJa": "金山町",
    "nameEn": "Kaneyama Town",
    "total": 5071,
    "male": 2466,
    "female": 2605
  },
  "06362": {
    "code": "06362",
    "prefCode": "06",
    "nameJa": "最上町",
    "nameEn": "Mogami Town",
    "total": 8080,
    "male": 3913,
    "female": 4167
  },
  "06363": {
    "code": "06363",
    "prefCode": "06",
    "nameJa": "舟形町",
    "nameEn": "Funagata Town",
    "total": 5007,
    "male": 2420,
    "female": 2587
  },
  "06364": {
    "code": "06364",
    "prefCode": "06",
    "nameJa": "真室川町",
    "nameEn": "Mamurogawa Town",
    "total": 7203,
    "male": 3408,
    "female": 3795
  },
  "06365": {
    "code": "06365",
    "prefCode": "06",
    "nameJa": "大蔵村",
    "nameEn": "Okura Village",
    "total": 3028,
    "male": 1498,
    "female": 1530
  },
  "06366": {
    "code": "06366",
    "prefCode": "06",
    "nameJa": "鮭川村",
    "nameEn": "Sakegawa Village",
    "total": 3902,
    "male": 1887,
    "female": 2015
  },
  "06367": {
    "code": "06367",
    "prefCode": "06",
    "nameJa": "戸沢村",
    "nameEn": "Tozawa Village",
    "total": 4199,
    "male": 1987,
    "female": 2212
  },
  "06381": {
    "code": "06381",
    "prefCode": "06",
    "nameJa": "高畠町",
    "nameEn": "Takahata Town",
    "total": 22463,
    "male": 10950,
    "female": 11513
  },
  "06382": {
    "code": "06382",
    "prefCode": "06",
    "nameJa": "川西町",
    "nameEn": "Kawanishi Town",
    "total": 14558,
    "male": 7101,
    "female": 7457
  },
  "06401": {
    "code": "06401",
    "prefCode": "06",
    "nameJa": "小国町",
    "nameEn": "Oguni Town",
    "total": 7107,
    "male": 3573,
    "female": 3534
  },
  "06402": {
    "code": "06402",
    "prefCode": "06",
    "nameJa": "白鷹町",
    "nameEn": "Shirataka Town",
    "total": 12890,
    "male": 6357,
    "female": 6533
  },
  "06403": {
    "code": "06403",
    "prefCode": "06",
    "nameJa": "飯豊町",
    "nameEn": "Iide Town",
    "total": 6613,
    "male": 3214,
    "female": 3399
  },
  "06426": {
    "code": "06426",
    "prefCode": "06",
    "nameJa": "三川町",
    "nameEn": "Mikawa Town",
    "total": 7601,
    "male": 3694,
    "female": 3907
  },
  "06428": {
    "code": "06428",
    "prefCode": "06",
    "nameJa": "庄内町",
    "nameEn": "Shonai Town",
    "total": 20151,
    "male": 9636,
    "female": 10515
  },
  "06461": {
    "code": "06461",
    "prefCode": "06",
    "nameJa": "遊佐町",
    "nameEn": "Yuza Town",
    "total": 13032,
    "male": 6189,
    "female": 6843
  }
}