{
  "07201": {
    "code": "07201",
    "prefCode": "07",
    "nameJa": "福島市",
    "nameEn": "Fukushima City",
    "total": 282693,
    "male": 138190,
    "female": 144503
  },
  "07202": {
    "code": "07202",
    "prefCode": "07",
    "nameJa": "会津若松市",
    "nameEn": "Aizuwakamatsu City",
    "total": 117376,
    "male": 56063,
    "female": 61313
  },
  "07203": {
    "code": "07203",
    "prefCode": "07",
    "nameJa": "郡山市",
    "nameEn": "Koriyama City",
    "total": 327692,
    "male": 161830,
    "female": 165862
  },
  "07204": {
    "code": "07204",
    "prefCode": "07",
    "nameJa": "いわき市",
    "nameEn": "Iwaki City",
    "total": 332931,
    "male": 163525,
    "female": 169406
  },
  "07205": {
    "code": "07205",
    "prefCode": "07",
    "nameJa": "白河市",
    "nameEn": "Shirakawa City",
    "total": 59491,
    "male": 29681,
    "female": 29810
  },
  "07207": {
    "code": "07207",
    "prefCode": "07",
    "nameJa": "須賀川市",
    "nameEn": "Sukagawa City",
    "total": 74992,
    "male": 36781,
    "female": 38211
  },
  "07208": {
    "code": "07208",
    "prefCode": "07",
    "nameJa": "喜多方市",
    "nameEn": "Kitakata City",
    "total": 44760,
    "male": 21438,
    "female": 23322
  },
  "07209": {
    "code": "07209",
    "prefCode": "07",
    "nameJa": "相馬市",
    "nameEn": "Soma City",
    "total": 34865,
    "male": 17536,
    "female": 17329
  },
  "07210": {
    "code": "07210",
    "prefCode": "07",
    "nameJa": "二本松市",
    "nameEn": "Nihonmatsu City",
    "total": 53557,
    "male": 26305,
    "female": 27252
  },
  "07211": {
    "code": "07211",
    "prefCode": "07",
    "nameJa": "田村市",
    "nameEn": "Tamura City",
    "total": 35169,
    "male": 17320,
    "female": 17849
  },
  "07212": {
    "code": "07212",
    "prefCode": "07",
    "nameJa": "南相馬市",
    "nameEn": "Minamisoma City",
    "total": 59005,
    "male": 31015,
    "female": 27990
  },
  "07213": {
    "code": "07213",
    "prefCode": "07",
    "nameJa": "伊達市",
    "nameEn": "Date City",
    "total": 58240,
    "male": 28313,
    "female": 29927
  },
  "07214": {
    "code": "07214",
    "prefCode": "07",
    "nameJa": "本宮市",
    "nameEn": "Motomiya City",
    "total": 30236,
    "male": 15018,
    "female": 15218
  },
  "07301": {
    "code": "07301",
    "prefCode": "07",
    "nameJa": "桑折町",
    "nameEn": "Koori Town",
    "total": 11459,
    "male": 5491,
    "female": 5968
  },
  "07303": {
    "code": "07303",
    "prefCode": "07",
    "nameJa": "国見町",
    "nameEn": "Kunimi Town",
    "total": 8639,
    "male": 4114,
    "female": 4525
  },
  "07308": {
    "code": "07308",
    "prefCode": "07",
    "nameJa": "川俣町",
    "nameEn": "Kawamata Town",
    "total": 12170,
    "male": 5986,
    "female": 6184
  },
  "07322": {
    "code": "07322",
    "prefCode": "07",
    "nameJa": "大玉村",
    "nameEn": "Otama Village",
    "total": 8900,
    "male": 4427,
    "female": 4473
  },
  "07342": {
    "code": "07342",
    "prefCode": "07",
    "nameJa": "鏡石町",
    "nameEn": "Kagamiishi Town",
    "total": 12318,
    "male": 6030,
    "female": 6288
  },
  "07344": {
    "code": "07344",
    "prefCode": "07",
    "nameJa": "天栄村",
    "nameEn": "Tenei Village",
    "total": 5194,
    "male": 2567,
    "female": 2627
  },
  "07362": {
    "code": "07362",
    "prefCode": "07",
    "nameJa": "下郷町",
    "nameEn": "Shimogo Town",
    "total": 5264,
    "male": 2602,
    "female": 2662
  },
  "07364": {
    "code": "07364",
    "prefCode": "07",
    "nameJa": "檜枝岐村",
    "nameEn": "Hinoemata Village",
    "total": 504,
    "male": 259,
    "female": 245
  },
  "07367": {
    "code": "07367",
    "prefCode": "07",
    "nameJa": "只見町",
    "nameEn": "Tadami Town",
    "total": 4044,
    "male": 1976,
    "female": 2068
  },
  "07368": {
    "code": "07368",
    "prefCode": "07",
    "nameJa": "南会津町",
    "nameEn": "Minamiaizu Town",
    "total": 14451,
    "male": 7116,
    "female": 7335
  },
  "07402": {
    "code": "07402",
    "prefCode": "07",
    "nameJa": "北塩原村",
    "nameEn": "Kitashiobara Village",
    "total": 2556,
    "male": 1290,
    "female": 1266
  },
  "07405": {
    "code": "07405",
    "prefCode": "07",
    "nameJa": "西会津町",
    "nameEn": "Nishiaizu Town",
    "total": 5770,
    "male": 2789,
    "female": 2981
  },
  "07407": {
    "code": "07407",
    "prefCode": "07",
    "nameJa": "磐梯町",
    "nameEn": "Bandai Town",
    "total": 3322,
    "male": 1604,
    "female": 1718
  },
  "07408": {
    "code": "07408",
    "prefCode": "07",
    "nameJa": "猪苗代町",
    "nameEn": "Inawashiro Town",
    "total": 13552,
    "male": 6533,
    "female": 7019
  },
  "07421": {
    "code": "07421",
    "prefCode": "07",
    "nameJa": "会津坂下町",
    "nameEn": "Aizubange Town",
    "total": 15068,
    "male": 7245,
    "female": 7823
  },
  "07422": {
    "code": "07422",
    "prefCode": "07",
    "nameJa": "湯川村",
    "nameEn": "Yugawa Village",
    "total": 3081,
    "male": 1485,
    "female": 1596
  },
  "07423": {
    "code": "07423",
    "prefCode": "07",
    "nameJa": "柳津町",
    "nameEn": "Yanaizu Town",
    "total": 3081,
    "male": 1501,
    "female": 1580
  },
  "07444": {
    "code": "07444",
    "prefCode": "07",
    "nameJa": "三島町",
    "nameEn": "Mishima Town",
    "total": 1452,
    "male": 714,
    "female": 738
  },
  "07445": {
    "code": "07445",
    "prefCode": "07",
    "nameJa": "金山町",
    "nameEn": "Kaneyama Town",
    "total": 1862,
    "male": 908,
    "female": 954
  },
  "07446": {
    "code": "07446",
    "prefCode": "07",
    "nameJa": "昭和村",
    "nameEn": "Showa Village",
    "total": 1246,
    "male": 623,
    "female": 623
  },
  "07447": {
    "code": "07447",
    "prefCode": "07",
    "nameJa": "会津美里町",
    "nameEn": "Aizumisato Town",
    "total": 19014,
    "male": 9108,
    "female": 9906
  },
  "07461": {
    "code": "07461",
    "prefCode": "07",
    "nameJa": "西郷村",
    "nameEn": "Nishigo Village",
    "total": 20808,
    "male": 10636,
    "female": 10172
  },
  "07464": {
    "code": "07464",
    "prefCode": "07",
    "nameJa": "泉崎村",
    "nameEn": "Izumizaki Village",
    "total": 6213,
    "male": 3061,
    "female": 3152
  },
  "07465": {
    "code": "07465",
    "prefCode": "07",
    "nameJa": "中島村",
    "nameEn": "Nakajima Village",
    "total": 4885,
    "male": 2398,
    "female": 2487
  },
  "07466": {
    "code": "07466",
    "prefCode": "07",
    "nameJa": "矢吹町",
    "nameEn": "Yabuki Town",
    "total": 17287,
    "male": 8649,
    "female": 8638
  },
  "07481": {
    "code": "07481",
    "prefCode": "07",
    "nameJa": "棚倉町",
    "nameEn": "Tanagura Town",
    "total": 13343,
    "male": 6581,
    "female": 6762
  },
  "07482": {
    "code": "07482",
    "prefCode": "07",
    "nameJa": "矢祭町",
    "nameEn": "Yamatsuri Town",
    "total": 5392,
    "male": 2620,
    "female": 2772
  },
  "07483": {
    "code": "07483",
    "prefCode": "07",
    "nameJa": "塙町",
    "nameEn": "Hanawa Town",
    "total": 8302,
    "male": 4079,
    "female": 4223
  },
  "07484": {
    "code": "07484",
    "prefCode": "07",
    "nameJa": "鮫川村",
    "nameEn": "Samegawa Village",
    "total": 3049,
    "male": 1531,
    "female": 1518
  },
  "07501": {
    "code": "07501",
    "prefCode": "07",
    "nameJa": "石川町",
    "nameEn": "Ishikawa Town",
    "total": 14644,
    "male": 7334,
    "female": 7310
  },
  "07502": {
    "code": "07502",
    "prefCode": "07",
    "nameJa": "玉川村",
    "nameEn": "Tamakawa Village",
    "total": 6392,
    "male": 3202,
    "female": 3190
  },
  "07503": {
    "code": "07503",
    "prefCode": "07",
    "nameJa": "平田村",
    "nameEn": "Hirata Village",
    "total": 5826,
    "male": 2883,
    "female": 2943
  },
  "07504": {
    "code": "07504",
    "prefCode": "07",
    "nameJa": "浅川町",
    "nameEn": "Asakawa Town",
    "total": 6036,
    "male": 3031,
    "female": 3005
  },
  "07505": {
    "code": "07505",
    "prefCode": "07",
    "nameJa": "古殿町",
    "nameEn": "Furudono Town",
    "total": 4825,
    "male": 2364,
    "female": 2461
  },
  "07521": {
    "code": "07521",
    "prefCode": "07",
    "nameJa": "三春町",
    "nameEn": "Miharu Town",
    "total": 17018,
    "male": 8448,
    "female": 8570
  },
  "07522": {
    "code": "07522",
    "prefCode": "07",
    "nameJa": "小野町",
    "nameEn": "Ono Town",
    "total": 9471,
    "male": 4677,
    "female": 4794
  },
  "07541": {
    "code": "07541",
    "prefCode": "07",
    "nameJa": "広野町",
    "nameEn": "Hirono Town",
    "total": 5412,
    "male": 3311,
    "female": 2101
  },
  "07542": {
    "code": "07542",
    "prefCode": "07",
    "nameJa": "楢葉町",
    "nameEn": "Naraha Town",
    "total": 3710,
    "male": 2147,
    "female": 1563
  },
  "07543": {
    "code": "07543",
    "prefCode": "07",
    "nameJa": "富岡町",
    "nameEn": "Tomioka Town",
    "total": 2128,
    "male": 1542,
    "female": 586
  },
  "07544": {
    "code": "07544",
    "prefCode": "07",
    "nameJa": "川内村",
    "nameEn": "Kawauchi Village",
    "total": 2044,
    "male": 1035,
    "female": 1009
  },
  "07545": {
    "code": "07545",
    "prefCode": "07",
    "nameJa": "大熊町",
    "nameEn": "Okuma Town",
    "total": 847,
    "male": 754,
    "female": 93
  },
  "07546": {
    "code": "07546",
    "prefCode": "07",
    "nameJa": "双葉町",
    "nameEn": "Futaba Town",
    "total": null,
    "male": null,
    "female": null
  },
  "07547": {
    "code": "07547",
    "prefCode": "07",
    "nameJa": "浪江町",
    "nameEn": "Namie Town",
    "total": 1923,
    "male": 1350,
    "female": 573
  },
  "07548": {
    "code": "07548",
    "prefCode": "07",
    "nameJa": "葛尾村",
    "nameEn": "Katsurao Village",
    "total": 420,
    "male": 241,
    "female": 179
  },
  "07561": {
    "code": "07561",
    "prefCode": "07",
    "nameJa": "新地町",
    "nameEn": "Shinchi Town",
    "total": 7905,
    "male": 3945,
    "female": 3960
  },
  "07564": {
    "code": "07564",
    "prefCode": "07",
    "nameJa": "飯舘村",
    "nameEn": "Iitate Village",
    "total": 1318,
    "male": 662,
    "female": 656
  }
}