{
  "42201": {
    "code": "42201",
    "prefCode": "42",
    "nameJa": "長崎市",
    "nameEn": "Nagasaki City",
    "total": 409118,
    "male": 188519,
    "female": 220599
  },
  "42202": {
    "code": "42202",
    "prefCode": "42",
    "nameJa": "佐世保市",
    "nameEn": "Sasebo City",
    "total": 243223,
    "male": 115131,
    "female": 128092
  },
  "42203": {
    "code": "42203",
    "prefCode": "42",
    "nameJa": "島原市",
    "nameEn": "Shimabara City",
    "total": 43338,
    "male": 20157,
    "female": 23181
  },
  "42204": {
    "code": "42204",
    "prefCode": "42",
    "nameJa": "諫早市",
    "nameEn": "Isahaya City",
    "total": 133852,
    "male": 63544,
    "female": 70308
  },
  "42205": {
    "code": "42205",
    "prefCode": "42",
    "nameJa": "大村市",
    "nameEn": "Omura City",
    "total": 95397,
    "male": 45448,
    "female": 49949
  },
  "42207": {
    "code": "42207",
    "prefCode": "42",
    "nameJa": "平戸市",
    "nameEn": "Hirado City",
    "total": 29365,
    "male": 13771,
    "female": 15594
  },
  "42208": {
    "code": "42208",
    "prefCode": "42",
    "nameJa": "松浦市",
    "nameEn": "Matsuura City",
    "total": 21271,
    "male": 10278,
    "female": 10993
  },
  "42209": {
    "code": "42209",
    "prefCode": "42",
    "nameJa": "対馬市",
    "nameEn": "Tsushima City",
    "total": 28502,
    "male": 14060,
    "female": 14442
  },
  "42210": {
    "code": "42210",
    "prefCode": "42",
    "nameJa": "壱岐市",
    "nameEn": "Iki City",
    "total": 24948,
    "male": 11837,
    "female": 13111
  },
  "42211": {
    "code": "42211",
    "prefCode": "42",
    "nameJa": "五島市",
    "nameEn": "Goto City",
    "total": 34391,
    "male": 16141,
    "female": 18250
  },
  "42212": {
    "code": "42212",
    "prefCode": "42",
    "nameJa": "西海市",
    "nameEn": "Saikai City",
    "total": 26275,
    "male": 13120,
    "female": 13155
  },
  "42213": {
    "code": "42213",
    "prefCode": "42",
    "nameJa": "雲仙市",
    "nameEn": "Unzen City",
    "total": 41096,
    "male": 19378,
    "female": 21718
  },
  "42214": {
    "code": "42214",
    "prefCode": "42",
    "nameJa": "南島原市",
    "nameEn": "Minamishimabara City",
    "total": 42330,
    "male": 19598,
    "female": 22732
  },
  "42307": {
    "code": "42307",
    "prefCode": "42",
    "nameJa": "長与町",
    "nameEn": "Nagayo Town",
    "total": 40780,
    "male": 19196,
    "female": 21584
  },
  "42308": {
    "code": "42308",
    "prefCode": "42",
    "nameJa": "時津町",
    "nameEn": "Togitsu Town",
    "total": 29339,
    "male": 14116,
    "female": 15223
  },
  "42321": {
    "code": "42321",
    "prefCode": "42",
    "nameJa": "東彼杵町",
    "nameEn": "Higashisonogi Town",
    "total": 7721,
    "male": 3686,
    "female": 4035
  },
  "42322": {
    "code": "42322",
    "prefCode": "42",
    "nameJa": "川棚町",
    "nameEn": "Kawatana Town",
    "total": 13377,
    "male": 6300,
    "female": 7077
  },
  "42323": {
    "code": "42323",
    "prefCode": "42",
    "nameJa": "波佐見町",
    "nameEn": "Hasami Town",
    "total": 14291,
    "male": 6753,
    "female": 7538
  },
  "42383": {
    "code": "42383",
    "prefCode": "42",
    "nameJa": "小値賀町",
    "nameEn": "Ojika Town",
    "total": 2288,
    "male": 1054,
    "female": 1234
  },
  "42391": {
    "code": "42391",
    "prefCode": "42",
    "nameJa": "佐々町",
    "nameEn": "Saza Town",
    "total": 13912,
    "male": 6591,
    "female": 7321
  },
  "42411": {
    "code": "42411",
    "prefCode": "42",
    "nameJa": "新上五島町",
    "nameEn": "Shinkamigoto Town",
    "total": 17503,
    "male": 8234,
    "female": 9269
  }
}