{
  "37201": {
    "code": "37201",
    "prefCode": "37",
    "nameJa": "高松市",
    "nameEn": "Takamatsu City",
    "total": 417496,
    "male": 202029,
    "female": 215467
  },
  "37202": {
    "code": "37202",
    "prefCode": "37",
    "nameJa": "丸亀市",
    "nameEn": "Marugame City",
    "total": 109513,
    "male": 53018,
    "female": 56495
  },
  "37203": {
    "code": "37203",
    "prefCode": "37",
    "nameJa": "坂出市",
    "nameEn": "Sakaide City",
    "total": 50624,
    "male": 24145,
    "female": 26479
  },
  "37204": {
    "code": "37204",
    "prefCode": "37",
    "nameJa": "善通寺市",
    "nameEn": "Zentsuji City",
    "total": 31631,
    "male": 15725,
    "female": 15906
  },
  "37205": {
    "code": "37205",
    "prefCode": "37",
    "nameJa": "観音寺市",
    "nameEn": "Kanonji City",
    "total": 57438,
    "male": 27578,
    "female": 29860
  },
  "37206": {
    "code": "37206",
    "prefCode": "37",
    "nameJa": "さぬき市",
    "nameEn": "Sanuki City",
    "total": 47003,
    "male": 22484,
    "female": 24519
  },
  "37207": {
    "code": "37207",
    "prefCode": "37",
    "nameJa": "東かがわ市",
    "nameEn": "Higashikagawa City",
    "total": 28279,
    "male": 13358,
    "female": 14921
  },
  "37208": {
    "code": "37208",
    "prefCode": "37",
    "nameJa": "三豊市",
    "nameEn": "Mitoyo City",
    "total": 61857,
    "male": 29770,
    "female": 32087
  },
  "37322": {
    "code": "37322",
    "prefCode": "37",
    "nameJa": "土庄町",
    "nameEn": "Tonosho Town",
    "total": 12846,
    "male": 6044,
    "female": 6802
  },
  "37324": {
    "code": "37324",
    "prefCode": "37",
    "nameJa": "小豆島町",
    "nameEn": "Shodoshima Town",
    "total": 13870,
    "male": 6621,
    "female": 7249
  },
  "37341": {
    "code": "37341",
    "prefCode": "37",
    "nameJa": "三木町",
    "nameEn": "Miki Town",
    "total": 26878,
    "male": 12943,
    "female": 13935
  },
  "37364": {
    "code": "37364",
    "prefCode": "37",
    "nameJa": "直島町",
    "nameEn": "Naoshima Town",
    "total": 3103,
    "male": 1646,
    "female": 1457
  },
  "37386": {
    "code": "37386",
    "prefCode": "37",
    "nameJa": "宇多津町",
    "nameEn": "Utazu Town",
    "total": 18699,
    "male": 9180,
    "female": 9519
  },
  "37387": {
    "code": "37387",
    "prefCode": "37",
    "nameJa": "綾川町",
    "nameEn": "Ayagawa Town",
    "total": 22693,
    "male": 10999,
    "female": 11694
  },
  "37403": {
    "code": "37403",
    "prefCode": "37",
    "nameJa": "琴平町",
    "nameEn": "Kotohira Town",
    "total": 8468,
    "male": 3938,
    "female": 4530
  },
  "37404": {
    "code": "37404",
    "prefCode": "37",
    "nameJa": "多度津町",
    "nameEn": "Tadotsu Town",
    "total": 22445,
    "male": 11373,
    "female": 11072
  },
  "37406": {
    "code": "37406",
    "prefCode": "37",
    "nameJa": "まんのう町",
    "nameEn": "Manno Town",
    "total": 17401,
    "male": 8346,
    "female": 9055
  }
}