{
  "01100": {
    "code": "01100",
    "prefCode": "01",
    "nameJa": "札幌市",
    "nameEn": "Sapporo City",
    "total": 1973395,
    "male": 918682,
    "female": 1054713
  },
  "01101": {
    "code": "01101",
    "prefCode": "01",
    "nameJa": "札幌市中央区",
    "nameEn": "Chuo Ward, Sapporo City",
    "total": 248680,
    "male": 112853,
    "female": 135827
  },
  "01102": {
    "code": "01102",
    "prefCode": "01",
    "nameJa": "札幌市北区",
    "nameEn": "Kita Ward, Sapporo City",
    "total": 289323,
    "male": 136596,
    "female": 152727
  },
  "01103": {
    "code": "01103",
    "prefCode": "01",
    "nameJa": "札幌市東区",
    "nameEn": "Higashi Ward, Sapporo City",
    "total": 265379,
    "male": 126023,
    "female": 139356
  },
  "01104": {
    "code": "01104",
    "prefCode": "01",
    "nameJa": "札幌市白石区",
    "nameEn": "Shiroishi Ward, Sapporo City",
    "total": 211835,
    "male": 100062,
    "female": 111773
  },
  "01105": {
    "code": "01105",
    "prefCode": "01",
    "nameJa": "札幌市豊平区",
    "nameEn": "Toyohira Ward, Sapporo City",
    "total": 225298,
    "male": 104154,
    "female": 121144
  },
  "01106": {
    "code": "01106",
    "prefCode": "01",
    "nameJa": "札幌市南区",
    "nameEn": "Minami Ward, Sapporo City",
    "total": 135777,
    "male": 62347,
    "female": 73430
  },
  "01107": {
    "code": "01107",
    "prefCode": "01",
    "nameJa": "札幌市西区",
    "nameEn": "Nishi Ward, Sapporo City",
    "total": 217040,
    "male": 100027,
    "female": 117013
  },
  "01108": {
    "code": "01108",
    "prefCode": "01",
    "nameJa": "札幌市厚別区",
    "nameEn": "Atsubetsu Ward, Sapporo City",
    "total": 125083,
    "male": 56755,
    "female": 68328
  },
  "01109": {
    "code": "01109",
    "prefCode": "01",
    "nameJa": "札幌市手稲区",
    "nameEn": "Teine Ward, Sapporo City",
    "total": 142625,
    "male": 66913,
    "female": 75712
  },
  "01110": {
    "code": "01110",
    "prefCode": "01",
    "nameJa": "札幌市清田区",
    "nameEn": "Kiyota Ward, Sapporo City",
    "total": 112355,
    "male": 52952,
    "female": 59403
  },
  "01202": {
    "code": "01202",
    "prefCode": "01",
    "nameJa": "函館市",
    "nameEn": "Hakodate City",
    "total": 251084,
    "male": 113965,
    "female": 137119
  },
  "01203": {
    "code": "01203",
    "prefCode": "01",
    "nameJa": "小樽市",
    "nameEn": "Otaru City",
    "total": 111299,
    "male": 50136,
    "female": 61163
  },
  "01204": {
    "code": "01204",
    "prefCode": "01",
    "nameJa": "旭川市",
    "nameEn": "Asahikawa City",
    "total": 329306,
    "male": 152108,
    "female": 177198
  },
  "01205": {
    "code": "01205",
    "prefCode": "01",
    "nameJa": "室蘭市",
    "nameEn": "Muroran City",
    "total": 82383,
    "male": 40390,
    "female": 41993
  },
  "01206": {
    "code": "01206",
    "prefCode": "01",
    "nameJa": "釧路市",
    "nameEn": "Kushiro City",
    "total": 165077,
    "male": 77506,
    "female": 87571
  },
  "01207": {
    "code": "01207",
    "prefCode": "01",
    "nameJa": "帯広市",
    "nameEn": "Obihiro City",
    "total": 166536,
    "male": 79623,
    "female": 86913
  },
  "01208": {
    "code": "01208",
    "prefCode": "01",
    "nameJa": "北見市",
    "nameEn": "Kitami City",
    "total": 115480,
    "male": 54729,
    "female": 60751
  },
  "01209": {
    "code": "01209",
    "prefCode": "01",
    "nameJa": "夕張市",
    "nameEn": "Yubari City",
    "total": 7334,
    "male": 3381,
    "female": 3953
  },
  "01210": {
    "code": "01210",
    "prefCode": "01",
    "nameJa": "岩見沢市",
    "nameEn": "Iwamizawa City",
    "total": 79306,
    "male": 37105,
    "female": 42201
  },
  "01211": {
    "code": "01211",
    "prefCode": "01",
    "nameJa": "網走市",
    "nameEn": "Abashiri City",
    "total": 35759,
    "male": 18060,
    "female": 17699
  },
  "01212": {
    "code": "01212",
    "prefCode": "01",
    "nameJa": "留萌市",
    "nameEn": "Rumoi City",
    "total": 20114,
    "male": 9649,
    "female": 10465
  },
  "01213": {
    "code": "01213",
    "prefCode": "01",
    "nameJa": "苫小牧市",
    "nameEn": "Tomakomai City",
    "total": 170113,
    "male": 83522,
    "female": 86591
  },
  "01214": {
    "code": "01214",
    "prefCode": "01",
    "nameJa": "稚内市",
    "nameEn": "Wakkanai City",
    "total": 33563,
    "male": 16651,
    "female": 16912
  },
  "01215": {
    "code": "01215",
    "prefCode": "01",
    "nameJa": "美唄市",
    "nameEn": "Bibai City",
    "total": 20413,
    "male": 9565,
    "female": 10848
  },
  "01216": {
    "code": "01216",
    "prefCode": "01",
    "nameJa": "芦別市",
    "nameEn": "Ashibetsu City",
    "total": 12555,
    "male": 5762,
    "female": 6793
  },
  "01217": {
    "code": "01217",
    "prefCode": "01",
    "nameJa": "江別市",
    "nameEn": "Ebetsu City",
    "total": 121056,
    "male": 57523,
    "female": 63533
  },
  "01218": {
    "code": "01218",
    "prefCode": "01",
    "nameJa": "赤平市",
    "nameEn": "Akabira City",
    "total": 9698,
    "male": 4388,
    "female": 5310
  },
  "01219": {
    "code": "01219",
    "prefCode": "01",
    "nameJa": "紋別市",
    "nameEn": "Mombetsu City",
    "total": 21215,
    "male": 9901,
    "female": 11314
  },
  "01220": {
    "code": "01220",
    "prefCode": "01",
    "nameJa": "士別市",
    "nameEn": "Shibetsu City",
    "total": 17858,
    "male": 8416,
    "female": 9442
  },
  "01221": {
    "code": "01221",
    "prefCode": "01",
    "nameJa": "名寄市",
    "nameEn": "Nayoro City",
    "total": 27282,
    "male": 13322,
    "female": 13960
  },
  "01222": {
    "code": "01222",
    "prefCode": "01",
    "nameJa": "三笠市",
    "nameEn": "Mikasa City",
    "total": 8040,
    "male": 3631,
    "female": 4409
  },
  "01223": {
    "code": "01223",
    "prefCode": "01",
    "nameJa": "根室市",
    "nameEn": "Nemuro City",
    "total": 24636,
    "male": 11762,
    "female": 12874
  },
  "01224": {
    "code": "01224",
    "prefCode": "01",
    "nameJa": "千歳市",
    "nameEn": "Chitose City",
    "total": 97950,
    "male": 49790,
    "female": 48160
  },
  "01225": {
    "code": "01225",
    "prefCode": "01",
    "nameJa": "滝川市",
    "nameEn": "Takikawa City",
    "total": 39490,
    "male": 18832,
    "female": 20658
  },
  "01226": {
    "code": "01226",
    "prefCode": "01",
    "nameJa": "砂川市",
    "nameEn": "Sunagawa City",
    "total": 16486,
    "male": 7607,
    "female": 8879
  },
  "01227": {
    "code": "01227",
    "prefCode": "01",
    "nameJa": "歌志内市",
    "nameEn": "Utashinai City",
    "total": 2989,
    "male": 1399,
    "female": 1590
  },
  "01228": {
    "code": "01228",
    "prefCode": "01",
    "nameJa": "深川市",
    "nameEn": "Fukagawa City",
    "total": 20039,
    "male": 9362,
    "female": 10677
  },
  "01229": {
    "code": "01229",
    "prefCode": "01",
    "nameJa": "富良野市",
    "nameEn": "Furano City",
    "total": 21131,
    "male": 9947,
    "female": 11184
  },
  "01230": {
    "code": "01230",
    "prefCode": "01",
    "nameJa": "登別市",
    "nameEn": "Noboribetsu City",
    "total": 46391,
    "male": 22146,
    "female": 24245
  },
  "01231": {
    "code": "01231",
    "prefCode": "01",
    "nameJa": "恵庭市",
    "nameEn": "Eniwa City",
    "total": 70331,
    "male": 34088,
    "female": 36243
  },
  "01233": {
    "code": "01233",
    "prefCode": "01",
    "nameJa": "伊達市",
    "nameEn": "Date City",
    "total": 32826,
    "male": 15176,
    "female": 17650
  },
  "01234": {
    "code": "01234",
    "prefCode": "01",
    "nameJa": "北広島市",
    "nameEn": "Kitahiroshima City",
    "total": 58171,
    "male": 27763,
    "female": 30408
  },
  "01235": {
    "code": "01235",
    "prefCode": "01",
    "nameJa": "石狩市",
    "nameEn": "Ishikari City",
    "total": 56869,
    "male": 27324,
    "female": 29545
  },
  "01236": {
    "code": "01236",
    "prefCode": "01",
    "nameJa": "北斗市",
    "nameEn": "Hokuto City",
    "total": 44302,
    "male": 20542,
    "female": 23760
  },
  "01303": {
    "code": "01303",
    "prefCode": "01",
    "nameJa": "当別町",
    "nameEn": "Tobetsu Town",
    "total": 15916,
    "male": 7703,
    "female": 8213
  },
  "01304": {
    "code": "01304",
    "prefCode": "01",
    "nameJa": "新篠津村",
    "nameEn": "Shinshinotsu Village",
    "total": 3044,
    "male": 1484,
    "female": 1560
  },
  "01331": {
    "code": "01331",
    "prefCode": "01",
    "nameJa": "松前町",
    "nameEn": "Matsumae Town",
    "total": 6260,
    "male": 2805,
    "female": 3455
  },
  "01332": {
    "code": "01332",
    "prefCode": "01",
    "nameJa": "福島町",
    "nameEn": "Fukushima Town",
    "total": 3794,
    "male": 1755,
    "female": 2039
  },
  "01333": {
    "code": "01333",
    "prefCode": "01",
    "nameJa": "知内町",
    "nameEn": "Shiriuchi Town",
    "total": 4167,
    "male": 2060,
    "female": 2107
  },
  "01334": {
    "code": "01334",
    "prefCode": "01",
    "nameJa": "木古内町",
    "nameEn": "Kikonai Town",
    "total": 3832,
    "male": 1750,
    "female": 2082
  },
  "01337": {
    "code": "01337",
    "prefCode": "01",
    "nameJa": "七飯町",
    "nameEn": "Nanae Town",
    "total": 27686,
    "male": 12679,
    "female": 15007
  },
  "01343": {
    "code": "01343",
    "prefCode": "01",
    "nameJa": "鹿部町",
    "nameEn": "Shikabe Town",
    "total": 3760,
    "male": 1779,
    "female": 1981
  },
  "01345": {
    "code": "01345",
    "prefCode": "01",
    "nameJa": "森町",
    "nameEn": "Mori Town",
    "total": 14338,
    "male": 6658,
    "female": 7680
  },
  "01346": {
    "code": "01346",
    "prefCode": "01",
    "nameJa": "八雲町",
    "nameEn": "Yakumo Town",
    "total": 15826,
    "male": 7894,
    "female": 7932
  },
  "01347": {
    "code": "01347",
    "prefCode": "01",
    "nameJa": "長万部町",
    "nameEn": "Oshamambe Town",
    "total": 5109,
    "male": 2448,
    "female": 2661
  },
  "01361": {
    "code": "01361",
    "prefCode": "01",
    "nameJa": "江差町",
    "nameEn": "Esashi Town",
    "total": 7428,
    "male": 3569,
    "female": 3859
  },
  "01362": {
    "code": "01362",
    "prefCode": "01",
    "nameJa": "上ノ国町",
    "nameEn": "Kaminokuni Town",
    "total": 4306,
    "male": 1965,
    "female": 2341
  },
  "01363": {
    "code": "01363",
    "prefCode": "01",
    "nameJa": "厚沢部町",
    "nameEn": "Assabu Town",
    "total": 3592,
    "male": 1717,
    "female": 1875
  },
  "01364": {
    "code": "01364",
    "prefCode": "01",
    "nameJa": "乙部町",
    "nameEn": "Otobe Town",
    "total": 3403,
    "male": 1538,
    "female": 1865
  },
  "01367": {
    "code": "01367",
    "prefCode": "01",
    "nameJa": "奥尻町",
    "nameEn": "Okushiri Town",
    "total": 2410,
    "male": 1280,
    "female": 1130
  },
  "01370": {
    "code": "01370",
    "prefCode": "01",
    "nameJa": "今金町",
    "nameEn": "Imakane Town",
    "total": 5072,
    "male": 2446,
    "female": 2626
  },
  "01371": {
    "code": "01371",
    "prefCode": "01",
    "nameJa": "せたな町",
    "nameEn": "Setana Town",
    "total": 7398,
    "male": 3466,
    "female": 3932
  },
  "01391": {
    "code": "01391",
    "prefCode": "01",
    "nameJa": "島牧村",
    "nameEn": "Shimamaki Village",
    "total": 1356,
    "male": 687,
    "female": 669
  },
  "01392": {
    "code": "01392",
    "prefCode": "01",
    "nameJa": "寿都町",
    "nameEn": "Suttsu Town",
    "total": 2838,
    "male": 1397,
    "female": 1441
  },
  "01393": {
    "code": "01393",
    "prefCode": "01",
    "nameJa": "黒松内町",
    "nameEn": "Kuromatsunai Town",
    "total": 2791,
    "male": 1353,
    "female": 1438
  },
  "01394": {
    "code": "01394",
    "prefCode": "01",
    "nameJa": "蘭越町",
    "nameEn": "Rankoshi Town",
    "total": 4568,
    "male": 2197,
    "female": 2371
  },
  "01395": {
    "code": "01395",
    "prefCode": "01",
    "nameJa": "ニセコ町",
    "nameEn": "Niseko Town",
    "total": 5074,
    "male": 2624,
    "female": 2450
  },
  "01396": {
    "code": "01396",
    "prefCode": "01",
    "nameJa": "真狩村",
    "nameEn": "Makkari Village",
    "total": 2045,
    "male": 1035,
    "female": 1010
  },
  "01397": {
    "code": "01397",
    "prefCode": "01",
    "nameJa": "留寿都村",
    "nameEn": "Rusutsu Village",
    "total": 1911,
    "male": 971,
    "female": 940
  },
  "01398": {
    "code": "01398",
    "prefCode": "01",
    "nameJa": "喜茂別町",
    "nameEn": "Kimobetsu Town",
    "total": 2156,
    "male": 1112,
    "female": 1044
  },
  "01399": {
    "code": "01399",
    "prefCode": "01",
    "nameJa": "京極町",
    "nameEn": "Kyogoku Town",
    "total": 2941,
    "male": 1420,
    "female": 1521
  },
  "01400": {
    "code": "01400",
    "prefCode": "01",
    "nameJa": "倶知安町",
    "nameEn": "Kutchan Town",
    "total": 15129,
    "male": 7787,
    "female": 7342
  },
  "01401": {
    "code": "01401",
    "prefCode": "01",
    "nameJa": "共和町",
    "nameEn": "Kyowa Town",
    "total": 5772,
    "male": 3047,
    "female": 2725
  },
  "01402": {
    "code": "01402",
    "prefCode": "01",
    "nameJa": "岩内町",
    "nameEn": "Iwanai Town",
    "total": 11648,
    "male": 5500,
    "female": 6148
  },
  "01403": {
    "code": "01403",
    "prefCode": "01",
    "nameJa": "泊村",
    "nameEn": "Tomari Village",
    "total": 1569,
    "male": 784,
    "female": 785
  },
  "01404": {
    "code": "01404",
    "prefCode": "01",
    "nameJa": "神恵内村",
    "nameEn": "Kamoenai Village",
    "total": 870,
    "male": 400,
    "female": 470
  },
  "01405": {
    "code": "01405",
    "prefCode": "01",
    "nameJa": "積丹町",
    "nameEn": "Shakotan Town",
    "total": 1831,
    "male": 855,
    "female": 976
  },
  "01406": {
    "code": "01406",
    "prefCode": "01",
    "nameJa": "古平町",
    "nameEn": "Furubira Town",
    "total": 2745,
    "male": 1307,
    "female": 1438
  },
  "01407": {
    "code": "01407",
    "prefCode": "01",
    "nameJa": "仁木町",
    "nameEn": "Niki Town",
    "total": 3180,
    "male": 1526,
    "female": 1654
  },
  "01408": {
    "code": "01408",
    "prefCode": "01",
    "nameJa": "余市町",
    "nameEn": "Yoichi Town",
    "total": 18000,
    "male": 8342,
    "female": 9658
  },
  "01409": {
    "code": "01409",
    "prefCode": "01",
    "nameJa": "赤井川村",
    "nameEn": "Akaigawa Village",
    "total": 1165,
    "male": 606,
    "female": 559
  },
  "01423": {
    "code": "01423",
    "prefCode": "01",
    "nameJa": "南幌町",
    "nameEn": "Nanporo Town",
    "total": 7319,
    "male": 3461,
    "female": 3858
  },
  "01424": {
    "code": "01424",
    "prefCode": "01",
    "nameJa": "奈井江町",
    "nameEn": "Naie Town",
    "total": 5120,
    "male": 2405,
    "female": 2715
  },
  "01425": {
    "code": "01425",
    "prefCode": "01",
    "nameJa": "上砂川町",
    "nameEn": "Kamisunagawa Town",
    "total": 2841,
    "male": 1292,
    "female": 1549
  },
  "01427": {
    "code": "01427",
    "prefCode": "01",
    "nameJa": "由仁町",
    "nameEn": "Yuni Town",
    "total": 4822,
    "male": 2302,
    "female": 2520
  },
  "01428": {
    "code": "01428",
    "prefCode": "01",
    "nameJa": "長沼町",
    "nameEn": "Naganuma Town",
    "total": 10289,
    "male": 4919,
    "female": 5370
  },
  "01429": {
    "code": "01429",
    "prefCode": "01",
    "nameJa": "栗山町",
    "nameEn": "Kuriyama Town",
    "total": 11272,
    "male": 5176,
    "female": 6096
  },
  "01430": {
    "code": "01430",
    "prefCode": "01",
    "nameJa": "月形町",
    "nameEn": "Tsukigata Town",
    "total": 3691,
    "male": 2185,
    "female": 1506
  },
  "01431": {
    "code": "01431",
    "prefCode": "01",
    "nameJa": "浦臼町",
    "nameEn": "Urausu Town",
    "total": 1732,
    "male": 845,
    "female": 887
  },
  "01432": {
    "code": "01432",
    "prefCode": "01",
    "nameJa": "新十津川町",
    "nameEn": "Shintotsukawa Town",
    "total": 6484,
    "male": 2976,
    "female": 3508
  },
  "01433": {
    "code": "01433",
    "prefCode": "01",
    "nameJa": "妹背牛町",
    "nameEn": "Moseushi Town",
    "total": 2693,
    "male": 1290,
    "female": 1403
  },
  "01434": {
    "code": "01434",
    "prefCode": "01",
    "nameJa": "秩父別町",
    "nameEn": "Chippubetsu Town",
    "total": 2329,
    "male": 1072,
    "female": 1257
  },
  "01436": {
    "code": "01436",
    "prefCode": "01",
    "nameJa": "雨竜町",
    "nameEn": "Uryu Town",
    "total": 2389,
    "male": 1165,
    "female": 1224
  },
  "01437": {
    "code": "01437",
    "prefCode": "01",
    "nameJa": "北竜町",
    "nameEn": "Hokuryu Town",
    "total": 1724,
    "male": 823,
    "female": 901
  },
  "01438": {
    "code": "01438",
    "prefCode": "01",
    "nameJa": "沼田町",
    "nameEn": "Numata Town",
    "total": 2909,
    "male": 1392,
    "female": 1517
  },
  "01452": {
    "code": "01452",
    "prefCode": "01",
    "nameJa": "鷹栖町",
    "nameEn": "Takasu Town",
    "total": 6567,
    "male": 3105,
    "female": 3462
  },
  "01453": {
    "code": "01453",
    "prefCode": "01",
    "nameJa": "東神楽町",
    "nameEn": "Higashikagura Town",
    "total": 10127,
    "male": 4702,
    "female": 5425
  },
  "01454": {
    "code": "01454",
    "prefCode": "01",
    "nameJa": "当麻町",
    "nameEn": "Tohma Town",
    "total": 6319,
    "male": 2912,
    "female": 3407
  },
  "01455": {
    "code": "01455",
    "prefCode": "01",
    "nameJa": "比布町",
    "nameEn": "Pippu Town",
    "total": 3520,
    "male": 1662,
    "female": 1858
  },
  "01456": {
    "code": "01456",
    "prefCode": "01",
    "nameJa": "愛別町",
    "nameEn": "Aibetsu Town",
    "total": 2605,
    "male": 1215,
    "female": 1390
  },
  "01457": {
    "code": "01457",
    "prefCode": "01",
    "nameJa": "上川町",
    "nameEn": "Kamikawa Town",
    "total": 3500,
    "male": 1708,
    "female": 1792
  },
  "01458": {
    "code": "01458",
    "prefCode": "01",
    "nameJa": "東川町",
    "nameEn": "Higashikawa Town",
    "total": 8314,
    "male": 3877,
    "female": 4437
  },
  "01459": {
    "code": "01459",
    "prefCode": "01",
    "nameJa": "美瑛町",
    "nameEn": "Biei Town",
    "total": 9668,
    "male": 4495,
    "female": 5173
  },
  "01460": {
    "code": "01460",
    "prefCode": "01",
    "nameJa": "上富良野町",
    "nameEn": "Kamifurano Town",
    "total": 10348,
    "male": 5363,
    "female": 4985
  },
  "01461": {
    "code": "01461",
    "prefCode": "01",
    "nameJa": "中富良野町",
    "nameEn": "Nakafurano Town",
    "total": 4733,
    "male": 2260,
    "female": 2473
  },
  "01462": {
    "code": "01462",
    "prefCode": "01",
    "nameJa": "南富良野町",
    "nameEn": "Minamifurano Town",
    "total": 2376,
    "male": 1228,
    "female": 1148
  },
  "01463": {
    "code": "01463",
    "prefCode": "01",
    "nameJa": "占冠村",
    "nameEn": "Shimukappu Village",
    "total": 1306,
    "male": 653,
    "female": 653
  },
  "01464": {
    "code": "01464",
    "prefCode": "01",
    "nameJa": "和寒町",
    "nameEn": "Wassamu Town",
    "total": 3192,
    "male": 1497,
    "female": 1695
  },
  "01465": {
    "code": "01465",
    "prefCode": "01",
    "nameJa": "剣淵町",
    "nameEn": "Kembuchi Town",
    "total": 2926,
    "male": 1425,
    "female": 1501
  },
  "01468": {
    "code": "01468",
    "prefCode": "01",
    "nameJa": "下川町",
    "nameEn": "Shimokawa Town",
    "total": 3126,
    "male": 1491,
    "female": 1635
  },
  "01469": {
    "code": "01469",
    "prefCode": "01",
    "nameJa": "美深町",
    "nameEn": "Bifuka Town",
    "total": 4145,
    "male": 2038,
    "female": 2107
  },
  "01470": {
    "code": "01470",
    "prefCode": "01",
    "nameJa": "音威子府村",
    "nameEn": "Otoineppu Village",
    "total": 706,
    "male": 365,
    "female": 341
  },
  "01471": {
    "code": "01471",
    "prefCode": "01",
    "nameJa": "中川町",
    "nameEn": "Nakagawa Town",
    "total": 1528,
    "male": 805,
    "female": 723
  },
  "01472": {
    "code": "01472",
    "prefCode": "01",
    "nameJa": "幌加内町",
    "nameEn": "Horokanai Town",
    "total": 1370,
    "male": 681,
    "female": 689
  },
  "01481": {
    "code": "01481",
    "prefCode": "01",
    "nameJa": "増毛町",
    "nameEn": "Mashike Town",
    "total": 3908,
    "male": 1776,
    "female": 2132
  },
  "01482": {
    "code": "01482",
    "prefCode": "01",
    "nameJa": "小平町",
    "nameEn": "Obira Town",
    "total": 2994,
    "male": 1431,
    "female": 1563
  },
  "01483": {
    "code": "01483",
    "prefCode": "01",
    "nameJa": "苫前町",
    "nameEn": "Tomamae Town",
    "total": 2936,
    "male": 1428,
    "female": 1508
  },
  "01484": {
    "code": "01484",
    "prefCode": "01",
    "nameJa": "羽幌町",
    "nameEn": "Haboro Town",
    "total": 6548,
    "male": 3163,
    "female": 3385
  },
  "01485": {
    "code": "01485",
    "prefCode": "01",
    "nameJa": "初山別村",
    "nameEn": "Shosambetsu Village",
    "total": 1080,
    "male": 518,
    "female": 562
  },
  "01486": {
    "code": "01486",
    "prefCode": "01",
    "nameJa": "遠別町",
    "nameEn": "Embetsu Town",
    "total": 2520,
    "male": 1222,
    "female": 1298
  },
  "01487": {
    "code": "01487",
    "prefCode": "01",
    "nameJa": "天塩町",
    "nameEn": "Teshio Town",
    "total": 2950,
    "male": 1478,
    "female": 1472
  },
  "01511": {
    "code": "01511",
    "prefCode": "01",
    "nameJa": "猿払村",
    "nameEn": "Sarufutsu Village",
    "total": 2611,
    "male": 1285,
    "female": 1326
  },
  "01512": {
    "code": "01512",
    "prefCode": "01",
    "nameJa": "浜頓別町",
    "nameEn": "Hamatonbetsu Town",
    "total": 3448,
    "male": 1675,
    "female": 1773
  },
  "01513": {
    "code": "01513",
    "prefCode": "01",
    "nameJa": "中頓別町",
    "nameEn": "Nakatombetsu Town",
    "total": 1637,
    "male": 818,
    "female": 819
  },
  "01514": {
    "code": "01514",
    "prefCode": "01",
    "nameJa": "枝幸町",
    "nameEn": "Esashi Town",
    "total": 7565,
    "male": 3600,
    "female": 3965
  },
  "01516": {
    "code": "01516",
    "prefCode": "01",
    "nameJa": "豊富町",
    "nameEn": "Toyotomi Town",
    "total": 3974,
    "male": 2098,
    "female": 1876
  },
  "01517": {
    "code": "01517",
    "prefCode": "01",
    "nameJa": "礼文町",
    "nameEn": "Rebun Town",
    "total": 2509,
    "male": 1284,
    "female": 1225
  },
  "01518": {
    "code": "01518",
    "prefCode": "01",
    "nameJa": "利尻町",
    "nameEn": "Rishiri Town",
    "total": 2004,
    "male": 994,
    "female": 1010
  },
  "01519": {
    "code": "01519",
    "prefCode": "01",
    "nameJa": "利尻富士町",
    "nameEn": "Rishirifuji Town",
    "total": 2458,
    "male": 1188,
    "female": 1270
  },
  "01520": {
    "code": "01520",
    "prefCode": "01",
    "nameJa": "幌延町",
    "nameEn": "Horonobe Town",
    "total": 2371,
    "male": 1290,
    "female": 1081
  },
  "01543": {
    "code": "01543",
    "prefCode": "01",
    "nameJa": "美幌町",
    "nameEn": "Bihoro Town",
    "total": 18697,
    "male": 9063,
    "female": 9634
  },
  "01544": {
    "code": "01544",
    "prefCode": "01",
    "nameJa": "津別町",
    "nameEn": "Tsubetsu Town",
    "total": 4373,
    "male": 2096,
    "female": 2277
  },
  "01545": {
    "code": "01545",
    "prefCode": "01",
    "nameJa": "斜里町",
    "nameEn": "Shari Town",
    "total": 11418,
    "male": 5672,
    "female": 5746
  },
  "01546": {
    "code": "01546",
    "prefCode": "01",
    "nameJa": "清里町",
    "nameEn": "Kiyosato Town",
    "total": 3883,
    "male": 1882,
    "female": 2001
  },
  "01547": {
    "code": "01547",
    "prefCode": "01",
    "nameJa": "小清水町",
    "nameEn": "Koshimizu Town",
    "total": 4623,
    "male": 2207,
    "female": 2416
  },
  "01549": {
    "code": "01549",
    "prefCode": "01",
    "nameJa": "訓子府町",
    "nameEn": "Kunneppu Town",
    "total": 4677,
    "male": 2241,
    "female": 2436
  },
  "01550": {
    "code": "01550",
    "prefCode": "01",
    "nameJa": "置戸町",
    "nameEn": "Oketo Town",
    "total": 2775,
    "male": 1281,
    "female": 1494
  },
  "01552": {
    "code": "01552",
    "prefCode": "01",
    "nameJa": "佐呂間町",
    "nameEn": "Saroma Town",
    "total": 4875,
    "male": 2296,
    "female": 2579
  },
  "01555": {
    "code": "01555",
    "prefCode": "01",
    "nameJa": "遠軽町",
    "nameEn": "Engaru Town",
    "total": 19241,
    "male": 9337,
    "female": 9904
  },
  "01559": {
    "code": "01559",
    "prefCode": "01",
    "nameJa": "湧別町",
    "nameEn": "Yubetsu Town",
    "total": 8270,
    "male": 3947,
    "female": 4323
  },
  "01560": {
    "code": "01560",
    "prefCode": "01",
    "nameJa": "滝上町",
    "nameEn": "Takinoue Town",
    "total": 2421,
    "male": 1177,
    "female": 1244
  },
  "01561": {
    "code": "01561",
    "prefCode": "01",
    "nameJa": "興部町",
    "nameEn": "Okoppe Town",
    "total": 3628,
    "male": 1768,
    "female": 1860
  },
  "01562": {
    "code": "01562",
    "prefCode": "01",
    "nameJa": "西興部村",
    "nameEn": "Nishiokoppe Village",
    "total": 1053,
    "male": 520,
    "female": 533
  },
  "01563": {
    "code": "01563",
    "prefCode": "01",
    "nameJa": "雄武町",
    "nameEn": "Oumu Town",
    "total": 4199,
    "male": 1999,
    "female": 2200
  },
  "01564": {
    "code": "01564",
    "prefCode": "01",
    "nameJa": "大空町",
    "nameEn": "Ozora Town",
    "total": 6775,
    "male": 3287,
    "female": 3488
  },
  "01571": {
    "code": "01571",
    "prefCode": "01",
    "nameJa": "豊浦町",
    "nameEn": "Toyoura Town",
    "total": 3821,
    "male": 1781,
    "female": 2040
  },
  "01575": {
    "code": "01575",
    "prefCode": "01",
    "nameJa": "壮瞥町",
    "nameEn": "Sobetsu Town",
    "total": 2743,
    "male": 1285,
    "female": 1458
  },
  "01578": {
    "code": "01578",
    "prefCode": "01",
    "nameJa": "白老町",
    "nameEn": "Shiraoi Town",
    "total": 16212,
    "male": 7706,
    "female": 8506
  },
  "01581": {
    "code": "01581",
    "prefCode": "01",
    "nameJa": "厚真町",
    "nameEn": "Atsuma Town",
    "total": 4432,
    "male": 2249,
    "female": 2183
  },
  "01584": {
    "code": "01584",
    "prefCode": "01",
    "nameJa": "洞爺湖町",
    "nameEn": "Toyako Town",
    "total": 8442,
    "male": 3909,
    "female": 4533
  },
  "01585": {
    "code": "01585",
    "prefCode": "01",
    "nameJa": "安平町",
    "nameEn": "Abira Town",
    "total": 7340,
    "male": 3632,
    "female": 3708
  },
  "01586": {
    "code": "01586",
    "prefCode": "01",
    "nameJa": "むかわ町",
    "nameEn": "Mukawa Town",
    "total": 7651,
    "male": 3779,
    "female": 3872
  },
  "01601": {
    "code": "01601",
    "prefCode": "01",
    "nameJa": "日高町",
    "nameEn": "Hidaka Town",
    "total": 11279,
    "male": 5712,
    "female": 5567
  },
  "01602": {
    "code": "01602",
    "prefCode": "01",
    "nameJa": "平取町",
    "nameEn": "Biratori Town",
    "total": 4776,
    "male": 2395,
    "female": 2381
  },
  "01604": {
    "code": "01604",
    "prefCode": "01",
    "nameJa": "新冠町",
    "nameEn": "Niikappu Town",
    "total": 5309,
    "male": 2603,
    "female": 2706
  },
  "01607": {
    "code": "01607",
    "prefCode": "01",
    "nameJa": "浦河町",
    "nameEn": "Urakawa Town",
    "total": 12074,
    "male": 5975,
    "female": 6099
  },
  "01608": {
    "code": "01608",
    "prefCode": "01",
    "nameJa": "様似町",
    "nameEn": "Samani Town",
    "total": 4043,
    "male": 1923,
    "female": 2120
  },
  "01609": {
    "code": "01609",
    "prefCode": "01",
    "nameJa": "えりも町",
    "nameEn": "Erimo Town",
    "total": 4374,
    "male": 2230,
    "female": 2144
  },
  "01610": {
    "code": "01610",
    "prefCode": "01",
    "nameJa": "新ひだか町",
    "nameEn": "Shinhidaka Town",
    "total": 21517,
    "male": 10473,
    "female": 11044
  },
  "01631": {
    "code": "01631",
    "prefCode": "01",
    "nameJa": "音更町",
    "nameEn": "Otofuke Town",
    "total": 43576,
    "male": 20630,
    "female": 22946
  },
  "01632": {
    "code": "01632",
    "prefCode": "01",
    "nameJa": "士幌町",
    "nameEn": "Shihoro Town",
    "total": 5848,
    "male": 2891,
    "female": 2957
  },
  "01633": {
    "code": "01633",
    "prefCode": "01",
    "nameJa": "上士幌町",
    "nameEn": "Kamishihoro Town",
    "total": 4778,
    "male": 2343,
    "female": 2435
  },
  "01634": {
    "code": "01634",
    "prefCode": "01",
    "nameJa": "鹿追町",
    "nameEn": "Shikaoi Town",
    "total": 5266,
    "male": 2572,
    "female": 2694
  },
  "01635": {
    "code": "01635",
    "prefCode": "01",
    "nameJa": "新得町",
    "nameEn": "Shintoku Town",
    "total": 5817,
    "male": 2900,
    "female": 2917
  },
  "01636": {
    "code": "01636",
    "prefCode": "01",
    "nameJa": "清水町",
    "nameEn": "Shimizu Town",
    "total": 9094,
    "male": 4478,
    "female": 4616
  },
  "01637": {
    "code": "01637",
    "prefCode": "01",
    "nameJa": "芽室町",
    "nameEn": "Memuro Town",
    "total": 18048,
    "male": 8612,
    "female": 9436
  },
  "01638": {
    "code": "01638",
    "prefCode": "01",
    "nameJa": "中札内村",
    "nameEn": "Nakasatsunai Village",
    "total": 3884,
    "male": 1880,
    "female": 2004
  },
  "01639": {
    "code": "01639",
    "prefCode": "01",
    "nameJa": "更別村",
    "nameEn": "Sarabetsu Village",
    "total": 3080,
    "male": 1519,
    "female": 1561
  },
  "01641": {
    "code": "01641",
    "prefCode": "01",
    "nameJa": "大樹町",
    "nameEn": "Taiki Town",
    "total": 5420,
    "male": 2714,
    "female": 2706
  },
  "01642": {
    "code": "01642",
    "prefCode": "01",
    "nameJa": "広尾町",
    "nameEn": "Hiroo Town",
    "total": 6387,
    "male": 3096,
    "female": 3291
  },
  "01643": {
    "code": "01643",
    "prefCode": "01",
    "nameJa": "幕別町",
    "nameEn": "Makubetsu Town",
    "total": 25766,
    "male": 12243,
    "female": 13523
  },
  "01644": {
    "code": "01644",
    "prefCode": "01",
    "nameJa": "池田町",
    "nameEn": "Ikeda Town",
    "total": 6294,
    "male": 2967,
    "female": 3327
  },
  "01645": {
    "code": "01645",
    "prefCode": "01",
    "nameJa": "豊頃町",
    "nameEn": "Toyokoro Town",
    "total": 3022,
    "male": 1478,
    "female": 1544
  },
  "01646": {
    "code": "01646",
    "prefCode": "01",
    "nameJa": "本別町",
    "nameEn": "Hombetsu Town",
    "total": 6618,
    "male": 3228,
    "female": 3390
  },
  "01647": {
    "code": "01647",
    "prefCode": "01",
    "nameJa": "足寄町",
    "nameEn": "Ashoro Town",
    "total": 6563,
    "male": 3215,
    "female": 3348
  },
  "01648": {
    "code": "01648",
    "prefCode": "01",
    "nameJa": "陸別町",
    "nameEn": "Rikubetsu Town",
    "total": 2264,
    "male": 1138,
    "female": 1126
  },
  "01649": {
    "code": "01649",
    "prefCode": "01",
    "nameJa": "浦幌町",
    "nameEn": "Urahoro Town",
    "total": 4387,
    "male": 2138,
    "female": 2249
  },
  "01661": {
    "code": "01661",
    "prefCode": "01",
    "nameJa": "釧路町",
    "nameEn": "Kushiro Town",
    "total": 19105,
    "male": 9101,
    "female": 10004
  },
  "01662": {
    "code": "01662",
    "prefCode": "01",
    "nameJa": "厚岸町",
    "nameEn": "Akkeshi Town",
    "total": 8892,
    "male": 4173,
    "female": 4719
  },
  "01663": {
    "code": "01663",
    "prefCode": "01",
    "nameJa": "浜中町",
    "nameEn": "Hamanaka Town",
    "total": 5507,
    "male": 2726,
    "female": 2781
  },
  "01664": {
    "code": "01664",
    "prefCode": "01",
    "nameJa": "標茶町",
    "nameEn": "Shibecha Town",
    "total": 7230,
    "male": 3471,
    "female": 3759
  },
  "01665": {
    "code": "01665",
    "prefCode": "01",
    "nameJa": "弟子屈町",
    "nameEn": "Teshikaga Town",
    "total": 6955,
    "male": 3314,
    "female": 3641
  },
  "01667": {
    "code": "01667",
    "prefCode": "01",
    "nameJa": "鶴居村",
    "nameEn": "Tsurui Village",
    "total": 2558,
    "male": 1254,
    "female": 1304
  },
  "01668": {
    "code": "01668",
    "prefCode": "01",
    "nameJa": "白糠町",
    "nameEn": "Shiranuka Town",
    "total": 7289,
    "male": 3414,
    "female": 3875
  },
  "01691": {
    "code": "01691",
    "prefCode": "01",
    "nameJa": "別海町",
    "nameEn": "Betsukai Town",
    "total": 14380,
    "male": 7286,
    "female": 7094
  },
  "01692": {
    "code": "01692",
    "prefCode": "01",
    "nameJa": "中標津町",
    "nameEn": "Nakashibetsu Town",
    "total": 23010,
    "male": 11339,
    "female": 11671
  },
  "01693": {
    "code": "01693",
    "prefCode": "01",
    "nameJa": "標津町",
    "nameEn": "Shibetsu Town",
    "total": 5023,
    "male": 2465,
    "female": 2558
  },
  "01694": {
    "code": "01694",
    "prefCode": "01",
    "nameJa": "羅臼町",
    "nameEn": "Rausu Town",
    "total": 4722,
    "male": 2346,
    "female": 2376
  }
}