{
  "09201": {
    "code": "09201",
    "prefCode": "09",
    "nameJa": "宇都宮市",
    "nameEn": "Utsunomiya City",
    "total": 518757,
    "male": 259616,
    "female": 259141
  },
  "09202": {
    "code": "09202",
    "prefCode": "09",
    "nameJa": "足利市",
    "nameEn": "Ashikaga City",
    "total": 144746,
    "male": 71405,
    "female": 73341
  },
  "09203": {
    "code": "09203",
    "prefCode": "09",
    "nameJa": "栃木市",
    "nameEn": "Tochigi City",
    "total": 155549,
    "male": 77408,
    "female": 78141
  },
  "09204": {
    "code": "09204",
    "prefCode": "09",
    "nameJa": "佐野市",
    "nameEn": "Sano City",
    "total": 116228,
    "male": 57494,
    "female": 58734
  },
  "09205": {
    "code": "09205",
    "prefCode": "09",
    "nameJa": "鹿沼市",
    "nameEn": "Kanuma City",
    "total": 94033,
    "male": 46609,
    "female": 47424
  },
  "09206": {
    "code": "09206",
    "prefCode": "09",
    "nameJa": "日光市",
    "nameEn": "Nikko City",
    "total": 77661,
    "male": 37823,
    "female": 39838
  },
  "09208": {
    "code": "09208",
    "prefCode": "09",
    "nameJa": "小山市",
    "nameEn": "Oyama City",
    "total": 166666,
    "male": 84450,
    "female": 82216
  },
  "09209": {
    "code": "09209",
    "prefCode": "09",
    "nameJa": "真岡市",
    "nameEn": "Moka City",
    "total": 78190,
    "male": 39482,
    "female": 38708
  },
  "09210": {
    "code": "09210",
    "prefCode": "09",
    "nameJa": "大田原市",
    "nameEn": "Ohtawara City",
    "total": 72087,
    "male": 35407,
    "female": 36680
  },
  "09211": {
    "code": "09211",
    "prefCode": "09",
    "nameJa": "矢板市",
    "nameEn": "Yaita City",
    "total": 31165,
    "male": 15415,
    "female": 15750
  },
  "09213": {
    "code": "09213",
    "prefCode": "09",
    "nameJa": "那須塩原市",
    "nameEn": "Nasushiobara City",
    "total": 115210,
    "male": 57307,
    "female": 57903
  },
  "09214": {
    "code": "09214",
    "prefCode": "09",
    "nameJa": "さくら市",
    "nameEn": "Sakura City",
    "total": 44513,
    "male": 23102,
    "female": 21411
  },
  "09215": {
    "code": "09215",
    "prefCode": "09",
    "nameJa": "那須烏山市",
    "nameEn": "Nasukarasuyama City",
    "total": 24875,
    "male": 12379,
    "female": 12496
  },
  "09216": {
    "code": "09216",
    "prefCode": "09",
    "nameJa": "下野市",
    "nameEn": "Shimotsuke City",
    "total": 59507,
    "male": 29453,
    "female": 30054
  },
  "09301": {
    "code": "09301",
    "prefCode": "09",
    "nameJa": "上三川町",
    "nameEn": "Kaminokawa Town",
    "total": 30806,
    "male": 15842,
    "female": 14964
  },
  "09342": {
    "code": "09342",
    "prefCode": "09",
    "nameJa": "益子町",
    "nameEn": "Mashiko Town",
    "total": 21898,
    "male": 10871,
    "female": 11027
  },
  "09343": {
    "code": "09343",
    "prefCode": "09",
    "nameJa": "茂木町",
    "nameEn": "Motegi Town",
    "total": 11891,
    "male": 5872,
    "female": 6019
  },
  "09344": {
    "code": "09344",
    "prefCode": "09",
    "nameJa": "市貝町",
    "nameEn": "Ichikai Town",
    "total": 11262,
    "male": 5756,
    "female": 5506
  },
  "09345": {
    "code": "09345",
    "prefCode": "09",
    "nameJa": "芳賀町",
    "nameEn": "Haga Town",
    "total": 14961,
    "male": 7541,
    "female": 7420
  },
  "09361": {
    "code": "09361",
    "prefCode": "09",
    "nameJa": "壬生町",
    "nameEn": "Mibu Town",
    "total": 39474,
    "male": 19442,
    "female": 20032
  },
  "09364": {
    "code": "09364",
    "prefCode": "09",
    "nameJa": "野木町",
    "nameEn": "Nogi Town",
    "total": 24913,
    "male": 12401,
    "female": 12512
  },
  "09384": {
    "code": "09384",
    "prefCode": "09",
    "nameJa": "塩谷町",
    "nameEn": "Shioya Town",
    "total": 10354,
    "male": 5135,
    "female": 5219
  },
  "09386": {
    "code": "09386",
    "prefCode": "09",
    "nameJa": "高根沢町",
    "nameEn": "Takanezawa Town",
    "total": 29229,
    "male": 15254,
    "female": 13975
  },
  "09407": {
    "code": "09407",
    "prefCode": "09",
    "nameJa": "那須町",
    "nameEn": "Nasu Town",
    "total": 23956,
    "male": 11784,
    "female": 12172
  },
  "09411": {
    "code": "09411",
    "prefCode": "09",
    "nameJa": "那珂川町",
    "nameEn": "Nakagawa Town",
    "total": 15215,
    "male": 7682,
    "female": 7533
  }
}